Key,ClientAccountID,ReportDate,Cash,CashLong,CashShort,Stock,StockLong,StockShort,Options,OptionsLong,OptionsShort,Total,TotalLong,TotalShort
DUO858183/20251212,DUO858183,20251212,1000000,1000000,0,0,0,0,0,0,0,1000925.42,1000925.42,0
DUO858183/20251215,DUO858183,20251215,1000000,1000000,0,0,0,0,0,0,0,1001184.47,1001184.47,0
DUO858183/20251216,DUO858183,20251216,1000000,1000000,0,0,0,0,0,0,0,1001270.82,1001270.82,0
DUO858183/20251217,DUO858183,20251217,1000000,1000000,0,0,0,0,0,0,0,1001357.17,1001357.17,0
DUO858183/20251218,DUO858183,20251218,1000000,1000000,0,0,0,0,0,0,0,1001443.52,1001443.52,0
DUO858183/20251219,DUO858183,20251219,945314.4133,945314.4133,0,70781.36,70781.36,0,-16034.1,0,-16034.1,1001591.543,1017625.643,-16034.1
DUO858183/20251222,DUO858183,20251222,970571.3801,970571.3801,0,71222.32,71222.32,0,-39603.45,0,-39603.45,1003979.17,1043582.62,-39603.45
DUO858183/20251223,DUO858183,20251223,552369.7091,552369.7091,0,484323.84,484323.84,0,-35263.2,0,-35263.2,1003300.849,1038564.049,-35263.2
DUO858183/20251224,DUO858183,20251224,997900.3673,997900.3673,0,0,0,0,0,0,0,999854.6473,999854.6473,0
DUO858183/20251225,DUO858183,20251225,997900.3673,997900.3673,0,0,0,0,0,0,0,999854.6473,999854.6473,0
DUO858183/20251226,DUO858183,20251226,997900.3673,997900.3673,0,0,0,0,0,0,0,999949.2473,999949.2473,0
DUO858183/20251229,DUO858183,20251229,997900.3673,997900.3673,0,0,0,0,0,0,0,1000207.757,1000207.757,0
DUO858183/20251230,DUO858183,20251230,997900.3673,997900.3673,0,0,0,0,0,0,0,1000293.927,1000293.927,0
DUO858183/20251231,DUO858183,20251231,997900.3673,997900.3673,0,0,0,0,0,0,0,1000380.097,1000380.097,0
DUO858183/20260101,DUO858183,20260101,997900.3673,997900.3673,0,0,0,0,0,0,0,1000380.097,1000380.097,0
DUO858183/20260102,DUO858183,20260102,997900.3673,997900.3673,0,0,0,0,0,0,0,1000552.437,1000552.437,0
DUO858183/20260105,DUO858183,20260105,997900.3673,997900.3673,0,0,0,0,0,0,0,1000810.947,1000810.947,0
DUO858183/20260106,DUO858183,20260106,1000466.267,1000466.267,0,0,0,0,0,0,0,1000897.117,1000897.117,0
DUO858183/20260107,DUO858183,20260107,1000466.267,1000466.267,0,0,0,0,0,0,0,1000983.507,1000983.507,0
DUO858183/20260108,DUO858183,20260108,1000466.267,1000466.267,0,0,0,0,0,0,0,1001069.897,1001069.897,0
DUO858183/20260109,DUO858183,20260109,990872.9514,990872.9514,0,0,0,0,0,0,0,991562.9714,991562.9714,0
DUO858293/20251212,DUO858293,20251212,1000000,1000000,0,0,0,0,0,0,0,1000925.42,1000925.42,0
DUO858293/20251215,DUO858293,20251215,1000000,1000000,0,0,0,0,0,0,0,1001184.47,1001184.47,0
DUO858293/20251216,DUO858293,20251216,1000000,1000000,0,0,0,0,0,0,0,1001270.82,1001270.82,0
DUO858293/20251217,DUO858293,20251217,1000000,1000000,0,0,0,0,0,0,0,1001357.17,1001357.17,0
DUO858293/20251218,DUO858293,20251218,1000000,1000000,0,0,0,0,0,0,0,1001443.52,1001443.52,0
DUO858293/20251219,DUO858293,20251219,1000000,1000000,0,0,0,0,0,0,0,1001529.87,1001529.87,0
DUO858293/20251222,DUO858293,20251222,1000000,1000000,0,0,0,0,0,0,0,1001788.92,1001788.92,0
DUO858293/20251223,DUO858293,20251223,1000000,1000000,0,0,0,0,0,0,0,1001875.27,1001875.27,0
DUO858293/20251224,DUO858293,20251224,1000000,1000000,0,0,0,0,0,0,0,1001961.62,1001961.62,0
DUO858293/20251225,DUO858293,20251225,1000000,1000000,0,0,0,0,0,0,0,1001961.62,1001961.62,0
DUO858293/20251226,DUO858293,20251226,1000000,1000000,0,0,0,0,0,0,0,1002134.32,1002134.32,0
DUO858293/20251229,DUO858293,20251229,1000000,1000000,0,0,0,0,0,0,0,1002393.37,1002393.37,0
DUO858293/20251230,DUO858293,20251230,1000000,1000000,0,0,0,0,0,0,0,1002479.72,1002479.72,0
DUO858293/20251231,DUO858293,20251231,1000000,1000000,0,0,0,0,0,0,0,1002566.07,1002566.07,0
DUO858293/20260101,DUO858293,20260101,1000000,1000000,0,0,0,0,0,0,0,1002566.07,1002566.07,0
DUO858293/20260102,DUO858293,20260102,1000000,1000000,0,0,0,0,0,0,0,1002738.77,1002738.77,0
DUO858293/20260105,DUO858293,20260105,1000000,1000000,0,0,0,0,0,0,0,1002997.82,1002997.82,0
DUO858293/20260106,DUO858293,20260106,1002652.42,1002652.42,0,0,0,0,0,0,0,1003084.17,1003084.17,0
DUO858293/20260107,DUO858293,20260107,1002652.42,1002652.42,0,0,0,0,0,0,0,1003170.75,1003170.75,0
DUO858293/20260108,DUO858293,20260108,1002652.42,1002652.42,0,0,0,0,0,0,0,1003257.33,1003257.33,0
DUO858293/20260109,DUO858293,20260109,1002652.42,1002652.42,0,0,0,0,0,0,0,1003343.91,1003343.91,0
DUO858241/20251212,DUO858241,20251212,1000000,1000000,0,0,0,0,0,0,0,1000925.42,1000925.42,0
DUO858241/20251215,DUO858241,20251215,1000000,1000000,0,0,0,0,0,0,0,1001184.47,1001184.47,0
DUO858241/20251216,DUO858241,20251216,1000000,1000000,0,0,0,0,0,0,0,1001270.82,1001270.82,0
DUO858241/20251217,DUO858241,20251217,1000000,1000000,0,0,0,0,0,0,0,1001357.17,1001357.17,0
DUO858241/20251218,DUO858241,20251218,1000000,1000000,0,0,0,0,0,0,0,1001443.52,1001443.52,0
DUO858241/20251219,DUO858241,20251219,1000000,1000000,0,0,0,0,0,0,0,1001529.87,1001529.87,0
DUO858241/20251222,DUO858241,20251222,1000000,1000000,0,0,0,0,0,0,0,1001788.92,1001788.92,0
DUO858241/20251223,DUO858241,20251223,1000000,1000000,0,0,0,0,0,0,0,1001875.27,1001875.27,0
DUO858241/20251224,DUO858241,20251224,1000000,1000000,0,0,0,0,0,0,0,1001961.62,1001961.62,0
DUO858241/20251225,DUO858241,20251225,1000000,1000000,0,0,0,0,0,0,0,1001961.62,1001961.62,0
DUO858241/20251226,DUO858241,20251226,1000000,1000000,0,0,0,0,0,0,0,1002134.32,1002134.32,0
DUO858241/20251229,DUO858241,20251229,1000000,1000000,0,0,0,0,0,0,0,1002393.37,1002393.37,0
DUO858241/20251230,DUO858241,20251230,1000000,1000000,0,0,0,0,0,0,0,1002479.72,1002479.72,0
DUO858241/20251231,DUO858241,20251231,1000000,1000000,0,0,0,0,0,0,0,1002566.07,1002566.07,0
DUO858241/20260101,DUO858241,20260101,1000000,1000000,0,0,0,0,0,0,0,1002566.07,1002566.07,0
DUO858241/20260102,DUO858241,20260102,1000000,1000000,0,0,0,0,0,0,0,1002738.77,1002738.77,0
DUO858241/20260105,DUO858241,20260105,1000000,1000000,0,0,0,0,0,0,0,1002997.82,1002997.82,0
DUO858241/20260106,DUO858241,20260106,1002652.42,1002652.42,0,0,0,0,0,0,0,1003084.17,1003084.17,0
DUO858241/20260107,DUO858241,20260107,1002652.42,1002652.42,0,0,0,0,0,0,0,1003170.75,1003170.75,0
DUO858241/20260108,DUO858241,20260108,1002652.42,1002652.42,0,0,0,0,0,0,0,1003257.33,1003257.33,0
DUO858241/20260109,DUO858241,20260109,1002652.42,1002652.42,0,0,0,0,0,0,0,1003343.91,1003343.91,0
DUO858732/20251212,DUO858732,20251212,1000000,1000000,0,0,0,0,0,0,0,1000925.42,1000925.42,0
DUO858732/20251215,DUO858732,20251215,1000000,1000000,0,0,0,0,0,0,0,1001184.47,1001184.47,0
DUO858732/20251216,DUO858732,20251216,1000000,1000000,0,0,0,0,0,0,0,1001270.82,1001270.82,0
DUO858732/20251217,DUO858732,20251217,1000000,1000000,0,0,0,0,0,0,0,1001357.17,1001357.17,0
DUO858732/20251218,DUO858732,20251218,1000000,1000000,0,0,0,0,0,0,0,1001443.52,1001443.52,0
DUO858732/20251219,DUO858732,20251219,1000000,1000000,0,0,0,0,0,0,0,1001529.87,1001529.87,0
DUO858732/20251222,DUO858732,20251222,1000000,1000000,0,0,0,0,0,0,0,1001788.92,1001788.92,0
DUO858732/20251223,DUO858732,20251223,1000000,1000000,0,0,0,0,0,0,0,1001875.27,1001875.27,0
DUO858732/20251224,DUO858732,20251224,1000000,1000000,0,0,0,0,0,0,0,1001961.62,1001961.62,0
DUO858732/20251225,DUO858732,20251225,1000000,1000000,0,0,0,0,0,0,0,1001961.62,1001961.62,0
DUO858732/20251226,DUO858732,20251226,1000000,1000000,0,0,0,0,0,0,0,1002134.32,1002134.32,0
DUO858732/20251229,DUO858732,20251229,1000000,1000000,0,0,0,0,0,0,0,1002393.37,1002393.37,0
DUO858732/20251230,DUO858732,20251230,399434.9526,399434.9526,0,599195.63,599195.63,0,0,0,0,1001110.303,1001110.303,0
DUO858732/20251231,DUO858732,20251231,399434.9526,399434.9526,0,594479.61,594479.61,0,0,0,0,996480.6326,996480.6326,0
DUO858732/20260101,DUO858732,20260101,399434.9526,399434.9526,0,594479.61,594479.61,0,0,0,0,996480.6326,996480.6326,0
DUO858732/20260102,DUO858732,20260102,399434.9526,399434.9526,0,597682.97,597682.97,0,0,0,0,999717.9626,999717.9626,0
DUO858732/20260105,DUO858732,20260105,-564.9626035,0,-564.9626035,1004337.52,1004337.52,0,0,0,0,1006508.477,1007073.44,-564.9626035
DUO858732/20260106,DUO858732,20260106,32962.83734,32962.83734,0,978220.13,978220.13,0,0,0,0,1011318.847,1011318.847,0
DUO858732/20260107,DUO858732,20260107,302392.7729,302392.7729,0,708891.23,768866.18,-59974.95,0,0,0,1011419.883,1071394.833,-59974.95
DUO858732/20260108,DUO858732,20260108,244889.3941,244889.3941,0,770318.31,770318.31,0,0,0,0,1015343.584,1015343.584,0
DUO858732/20260109,DUO858732,20260109,244889.3941,244889.3941,0,774485.95,774485.95,0,0,0,0,1019567.364,1019567.364,0
DUO860245/20251212,DUO860245,20251212,1000000,1000000,0,0,0,0,0,0,0,1000925.42,1000925.42,0
DUO860245/20251215,DUO860245,20251215,1000000,1000000,0,0,0,0,0,0,0,1001184.47,1001184.47,0
DUO860245/20251216,DUO860245,20251216,1000000,1000000,0,0,0,0,0,0,0,1001270.82,1001270.82,0
DUO860245/20251217,DUO860245,20251217,770993.5,770993.5,0,222256,222256,0,0,0,0,994606.67,994606.67,0
DUO860245/20251218,DUO860245,20251218,515803.5,515803.5,0,480809,480809,0,0,0,0,998056.02,998056.02,0
DUO860245/20251219,DUO860245,20251219,515803.5,515803.5,0,507780,507780,0,0,0,0,1025093.4,1025093.4,0
DUO860245/20251222,DUO860245,20251222,515803.5,515803.5,0,523153,523153,0,0,0,0,1040598.76,1040598.76,0
DUO860245/20251223,DUO860245,20251223,515803.5,515803.5,0,522713,522713,0,0,0,0,1040158.76,1040158.76,0
DUO860245/20251224,DUO860245,20251224,515803.5,515803.5,0,538012,538012,0,0,0,0,1055546,1055546,0
DUO860245/20251225,DUO860245,20251225,515803.5,515803.5,0,538012,538012,0,0,0,0,1055546,1055546,0
DUO860245/20251226,DUO860245,20251226,108647.55,108647.55,0,946965,946965,0,0,0,0,1057431.29,1057431.29,0
DUO860245/20251229,DUO860245,20251229,108647.55,108647.55,0,957383.5,957383.5,0,0,0,0,1067982.12,1067982.12,0
DUO860245/20251230,DUO860245,20251230,108820.05,108820.05,0,955183.5,955183.5,0,0,0,0,1065954.62,1065954.62,0
DUO860245/20251231,DUO860245,20251231,108820.05,108820.05,0,937710.5,937710.5,0,0,0,0,1048481.62,1048481.62,0
DUO860245/20260101,DUO860245,20260101,108820.05,108820.05,0,937710.5,937710.5,0,0,0,0,1048481.62,1048481.62,0
DUO860245/20260102,DUO860245,20260102,108820.05,108820.05,0,973417.5,973417.5,0,0,0,0,1084214.48,1084214.48,0
DUO860245/20260105,DUO860245,20260105,108820.05,108820.05,0,997423,997423,0,0,0,0,1108219.98,1108219.98,0
DUO860245/20260106,DUO860245,20260106,110796.98,110796.98,0,1082844.5,1082844.5,0,0,0,0,1193641.48,1193641.48,0
DUO860245/20260107,DUO860245,20260107,110796.98,110796.98,0,1067835.5,1067835.5,0,0,0,0,1178684.37,1178684.37,0
DUO860245/20260108,DUO860245,20260108,110796.98,110796.98,0,1054301,1054301,0,0,0,0,1165149.87,1165149.87,0
DUO860245/20260109,DUO860245,20260109,-364745.598,0,-364745.598,1591036.5,1591036.5,0,0,0,0,1226342.792,1591088.39,-364745.598
DUO858565/20251212,DUO858565,20251212,1000000,1000000,0,0,0,0,0,0,0,1000925.42,1000925.42,0
DUO858565/20251215,DUO858565,20251215,1000000,1000000,0,0,0,0,0,0,0,1001184.47,1001184.47,0
DUO858565/20251216,DUO858565,20251216,1000000,1000000,0,0,0,0,0,0,0,1001270.82,1001270.82,0
DUO858565/20251217,DUO858565,20251217,100497.985,100497.985,0,896121.44,896121.44,0,0,0,0,997976.595,997976.595,0
DUO858565/20251218,DUO858565,20251218,100497.985,100497.985,0,906977.15,906977.15,0,0,0,0,1008918.655,1008918.655,0
DUO858565/20251219,DUO858565,20251219,100497.985,100497.985,0,920026.11,920026.11,0,0,0,0,1021967.615,1021967.615,0
DUO858565/20251222,DUO858565,20251222,101680.055,101680.055,0,926158.43,926158.43,0,0,0,0,1029282.005,1029282.005,0
DUO858565/20251223,DUO858565,20251223,102140.625,102140.625,0,934532.04,934532.04,0,0,0,0,1038116.185,1038116.185,0
DUO858565/20251224,DUO858565,20251224,102140.625,102140.625,0,936497.1,936497.1,0,0,0,0,1040081.245,1040081.245,0
DUO858565/20251225,DUO858565,20251225,102140.625,102140.625,0,936497.1,936497.1,0,0,0,0,1040081.245,1040081.245,0
DUO858565/20251226,DUO858565,20251226,102140.625,102140.625,0,938114.31,938114.31,0,0,0,0,1041762.505,1041762.505,0
DUO858565/20251229,DUO858565,20251229,102140.625,102140.625,0,932880.37,932880.37,0,0,0,0,1036528.565,1036528.565,0
DUO858565/20251230,DUO858565,20251230,102140.625,102140.625,0,930951.37,930951.37,0,0,0,0,1034599.565,1034599.565,0
DUO858565/20251231,DUO858565,20251231,102140.625,102140.625,0,924052.36,924052.36,0,0,0,0,1027700.555,1027700.555,0
DUO858565/20260101,DUO858565,20260101,102140.625,102140.625,0,924052.36,924052.36,0,0,0,0,1027700.555,1027700.555,0
DUO858565/20260102,DUO858565,20260102,102140.625,102140.625,0,926162.01,926162.01,0,0,0,0,1029858.445,1029858.445,0
DUO858565/20260105,DUO858565,20260105,102140.625,102140.625,0,931045.28,931045.28,0,0,0,0,1034741.715,1034741.715,0
DUO858565/20260106,DUO858565,20260106,103696.435,103696.435,0,935849.17,935849.17,0,0,0,0,1039545.605,1039545.605,0
DUO858565/20260107,DUO858565,20260107,103696.435,103696.435,0,936512.9,936512.9,0,0,0,0,1040209.335,1040209.335,0
DUO858565/20260108,DUO858565,20260108,8221.435,8221.435,0,1026469.07,1026469.07,0,0,0,0,1034747.045,1034747.045,0
DUO858565/20260109,DUO858565,20260109,8221.435,8221.435,0,1032833.87,1032833.87,0,0,0,0,1041111.845,1041111.845,0
DUO860184/20251212,DUO860184,20251212,958972.8914,958972.8914,0,38957.85,38957.85,0,0,0,0,998850.5514,998850.5514,0
DUO860184/20251215,DUO860184,20251215,1034907.797,1034907.797,0,-35115.83,0,-35115.83,0,0,0,1000954.927,1036070.757,-35115.83
DUO860184/20251216,DUO860184,20251216,1034907.797,1034907.797,0,-34789.85,0,-34789.85,0,0,0,1001366.967,1036156.817,-34789.85
DUO860184/20251217,DUO860184,20251217,1016109.712,1016109.712,0,-17252,113748,-131000,0,0,0,1000192.992,1131192.992,-131000
DUO860184/20251218,DUO860184,20251218,1016109.712,1016109.712,0,-17300,112800,-130100,0,0,0,1000231.282,1130331.282,-130100
DUO860184/20251219,DUO860184,20251219,1015609.712,1015609.712,0,-17232,113268,-130500,0,0,0,999874.8215,1130374.822,-130500
DUO860184/20251222,DUO860184,20251222,1015609.712,1015609.712,0,-24224,111876,-136100,0,0,0,993109.2815,1129209.282,-136100
DUO860184/20251223,DUO860184,20251223,1015609.712,1015609.712,0,-23100,112200,-135300,0,0,0,994308.7815,1129608.782,-135300
DUO860184/20251224,DUO860184,20251224,1015609.712,1015609.712,0,-25032,112368,-137400,0,0,0,992452.2815,1129852.282,-137400
DUO860184/20251225,DUO860184,20251225,1015609.712,1015609.712,0,-25032,112368,-137400,0,0,0,992452.2815,1129852.282,-137400
DUO860184/20251226,DUO860184,20251226,1015609.712,1015609.712,0,-22536,113364,-135900,0,0,0,995099.2815,1130999.282,-135900
DUO860184/20251229,DUO860184,20251229,1015609.712,1015609.712,0,-22020,112980,-135000,0,0,0,995839.1715,1130839.172,-135000
DUO860184/20251230,DUO860184,20251230,1015609.712,1015609.712,0,-22564,112536,-135100,0,0,0,995370.6715,1130470.672,-135100
DUO860184/20251231,DUO860184,20251231,1015609.712,1015609.712,0,-21488,112512,-134000,0,0,0,996522.1715,1130522.172,-134000
DUO860184/20260101,DUO860184,20260101,1015609.712,1015609.712,0,-21488,112512,-134000,0,0,0,996522.1715,1130522.172,-134000
DUO860184/20260102,DUO860184,20260102,1015609.712,1015609.712,0,-22612,109188,-131800,0,0,0,995549.9115,1127349.912,-131800
DUO860184/20260105,DUO860184,20260105,1015609.712,1015609.712,0,-20048,109752,-129800,0,0,0,998340.4115,1128140.412,-129800
DUO860184/20260106,DUO860184,20260106,1018086.412,1018086.412,0,-16220,108780,-125000,0,0,0,1002243.912,1127243.912,-125000
DUO860184/20260107,DUO860184,20260107,1018086.412,1018086.412,0,-14824,108876,-123700,0,0,0,1003715.632,1127415.632,-123700
DUO860184/20260108,DUO860184,20260108,1018086.412,1018086.412,0,-14064,108636,-122700,0,0,0,1004552.222,1127252.222,-122700
DUO860184/20260109,DUO860184,20260109,1018086.412,1018086.412,0,-13248,107352,-120600,0,0,0,1005444.812,1126044.812,-120600
DUO858580/20251212,DUO858580,20251212,1000000,1000000,0,0,0,0,0,0,0,1000925.42,1000925.42,0
DUO858580/20251215,DUO858580,20251215,1000000,1000000,0,0,0,0,0,0,0,1001184.47,1001184.47,0
DUO858580/20251216,DUO858580,20251216,1000000,1000000,0,0,0,0,0,0,0,1001270.82,1001270.82,0
DUO858580/20251217,DUO858580,20251217,1000000,1000000,0,0,0,0,0,0,0,1001357.17,1001357.17,0
DUO858580/20251218,DUO858580,20251218,1000000,1000000,0,0,0,0,0,0,0,1001443.52,1001443.52,0
DUO858580/20251219,DUO858580,20251219,1000000,1000000,0,0,0,0,0,0,0,1001529.87,1001529.87,0
DUO858580/20251222,DUO858580,20251222,1000000,1000000,0,0,0,0,0,0,0,1001788.92,1001788.92,0
DUO858580/20251223,DUO858580,20251223,1000000,1000000,0,0,0,0,0,0,0,1001875.27,1001875.27,0
DUO858580/20251224,DUO858580,20251224,1000000,1000000,0,0,0,0,0,0,0,1001961.62,1001961.62,0
DUO858580/20251225,DUO858580,20251225,1000000,1000000,0,0,0,0,0,0,0,1001961.62,1001961.62,0
DUO858580/20251226,DUO858580,20251226,1000000,1000000,0,0,0,0,0,0,0,1002134.32,1002134.32,0
DUO858580/20251229,DUO858580,20251229,1000000,1000000,0,0,0,0,0,0,0,1002393.37,1002393.37,0
DUO858580/20251230,DUO858580,20251230,1000000,1000000,0,0,0,0,0,0,0,1002479.72,1002479.72,0
DUO858580/20251231,DUO858580,20251231,1268.2792,1268.2792,0,991807.8,991807.8,0,0,0,0,995642.1492,995642.1492,0
DUO858580/20260101,DUO858580,20260101,1268.2792,1268.2792,0,991807.8,991807.8,0,0,0,0,995642.1492,995642.1492,0
DUO858580/20260102,DUO858580,20260102,1268.2792,1268.2792,0,1000657.2,1000657.2,0,0,0,0,1004664.229,1004664.229,0
DUO858580/20260105,DUO858580,20260105,1268.2792,1268.2792,0,1003589,1003589,0,0,0,0,1007596.029,1007596.029,0
DUO858580/20260106,DUO858580,20260106,3920.6892,3920.6892,0,1014352.9,1014352.9,0,0,0,0,1018359.929,1018359.929,0
DUO858580/20260107,DUO858580,20260107,3920.6892,3920.6892,0,1013965.7,1013965.7,0,0,0,0,1017972.729,1017972.729,0
DUO858580/20260108,DUO858580,20260108,3920.6892,3920.6892,0,1004414.3,1004414.3,0,0,0,0,1008421.329,1008421.329,0
DUO858580/20260109,DUO858580,20260109,3920.6892,3920.6892,0,1009621.5,1009621.5,0,0,0,0,1013628.529,1013628.529,0
DUO858257/20251212,DUO858257,20251212,1000000,1000000,0,0,0,0,0,0,0,1000925.42,1000925.42,0
DUO858257/20251215,DUO858257,20251215,1000000,1000000,0,0,0,0,0,0,0,1001184.47,1001184.47,0
DUO858257/20251216,DUO858257,20251216,1000000,1000000,0,0,0,0,0,0,0,1001270.82,1001270.82,0
DUO858257/20251217,DUO858257,20251217,1000000,1000000,0,0,0,0,0,0,0,1001357.17,1001357.17,0
DUO858257/20251218,DUO858257,20251218,1000000,1000000,0,0,0,0,0,0,0,1001443.52,1001443.52,0
DUO858257/20251219,DUO858257,20251219,1000000,1000000,0,0,0,0,0,0,0,1001529.87,1001529.87,0
DUO858257/20251222,DUO858257,20251222,1000000,1000000,0,0,0,0,0,0,0,1001788.92,1001788.92,0
DUO858257/20251223,DUO858257,20251223,1000000,1000000,0,0,0,0,0,0,0,1001875.27,1001875.27,0
DUO858257/20251224,DUO858257,20251224,1000000,1000000,0,0,0,0,0,0,0,1001961.62,1001961.62,0
DUO858257/20251225,DUO858257,20251225,1000000,1000000,0,0,0,0,0,0,0,1001961.62,1001961.62,0
DUO858257/20251226,DUO858257,20251226,1000000,1000000,0,0,0,0,0,0,0,1002134.32,1002134.32,0
DUO858257/20251229,DUO858257,20251229,1000000,1000000,0,0,0,0,0,0,0,1002393.37,1002393.37,0
DUO858257/20251230,DUO858257,20251230,1000000,1000000,0,0,0,0,0,0,0,1002479.72,1002479.72,0
DUO858257/20251231,DUO858257,20251231,1000000,1000000,0,0,0,0,0,0,0,1002566.07,1002566.07,0
DUO858257/20260101,DUO858257,20260101,1000000,1000000,0,0,0,0,0,0,0,1002566.07,1002566.07,0
DUO858257/20260102,DUO858257,20260102,1000000,1000000,0,0,0,0,0,0,0,1002738.77,1002738.77,0
DUO858257/20260105,DUO858257,20260105,1000000,1000000,0,0,0,0,0,0,0,1002997.82,1002997.82,0
DUO858257/20260106,DUO858257,20260106,926898.42,926898.42,0,76649,76649,0,0,0,0,1003979.17,1003979.17,0
DUO858257/20260107,DUO858257,20260107,926898.42,926898.42,0,76610,76610,0,0,0,0,1004026.75,1004026.75,0
DUO858257/20260108,DUO858257,20260108,926898.42,926898.42,0,75481,75481,0,0,0,0,1002977.72,1002977.72,0
DUO858257/20260109,DUO858257,20260109,926898.42,926898.42,0,76196,76196,0,0,0,0,1003772.69,1003772.69,0
DUO858280/20251212,DUO858280,20251212,1000000,1000000,0,0,0,0,0,0,0,1000925.42,1000925.42,0
DUO858280/20251215,DUO858280,20251215,1000000,1000000,0,0,0,0,0,0,0,1001184.47,1001184.47,0
DUO858280/20251216,DUO858280,20251216,1000000,1000000,0,0,0,0,0,0,0,1001270.82,1001270.82,0
DUO858280/20251217,DUO858280,20251217,90392.03,90392.03,0,908381.06,908381.06,0,0,0,0,1000130.26,1000130.26,0
DUO858280/20251218,DUO858280,20251218,90392.03,90392.03,0,905175.2,905175.2,0,0,0,0,997010.74,997010.74,0
DUO858280/20251219,DUO858280,20251219,90392.03,90392.03,0,905094.06,905094.06,0,0,0,0,996929.6,996929.6,0
DUO858280/20251222,DUO858280,20251222,90392.03,90392.03,0,912339.1,912339.1,0,0,0,0,1004174.64,1004174.64,0
DUO858280/20251223,DUO858280,20251223,90392.03,90392.03,0,913871.42,913871.42,0,0,0,0,1005706.96,1005706.96,0
DUO858280/20251224,DUO858280,20251224,90392.03,90392.03,0,914702.26,914702.26,0,0,0,0,1006537.8,1006537.8,0
DUO858280/20251225,DUO858280,20251225,90392.03,90392.03,0,914702.26,914702.26,0,0,0,0,1006537.8,1006537.8,0
DUO858280/20251226,DUO858280,20251226,90392.03,90392.03,0,919344.62,919344.62,0,0,0,0,1011236.24,1011236.24,0
DUO858280/20251229,DUO858280,20251229,90392.03,90392.03,0,899377,899377,0,0,0,0,991268.62,991268.62,0
DUO858280/20251230,DUO858280,20251230,90392.03,90392.03,0,897718.98,897718.98,0,0,0,0,989610.6,989610.6,0
DUO858280/20251231,DUO858280,20251231,90392.03,90392.03,0,891741.18,891741.18,0,0,0,0,983632.8,983632.8,0
DUO858280/20260101,DUO858280,20260101,90392.03,90392.03,0,891741.18,891741.18,0,0,0,0,983632.8,983632.8,0
DUO858280/20260102,DUO858280,20260102,90392.03,90392.03,0,898251.62,898251.62,0,0,0,0,990185.3,990185.3,0
DUO858280/20260105,DUO858280,20260105,90751.19,90751.19,0,912825.68,912825.68,0,0,0,0,1005118.52,1005118.52,0
DUO858280/20260106,DUO858280,20260106,92292.84,92292.84,0,923491.6,923491.6,0,0,0,0,1015784.44,1015784.44,0
DUO858280/20260107,DUO858280,20260107,92292.84,92292.84,0,912986.92,912986.92,0,0,0,0,1005279.76,1005279.76,0
DUO858280/20260108,DUO858280,20260108,92292.84,92292.84,0,918094.6,918094.6,0,0,0,0,1010387.44,1010387.44,0
DUO858280/20260109,DUO858280,20260109,92292.84,92292.84,0,921812.82,921812.82,0,0,0,0,1014162.37,1014162.37,0
DUO858271/20251212,DUO858271,20251212,1000000,1000000,0,0,0,0,0,0,0,1000925.42,1000925.42,0
DUO858271/20251215,DUO858271,20251215,1000000,1000000,0,0,0,0,0,0,0,1001184.47,1001184.47,0
DUO858271/20251216,DUO858271,20251216,1000000,1000000,0,0,0,0,0,0,0,1001270.82,1001270.82,0
DUO858271/20251217,DUO858271,20251217,99971.42098,99971.42098,0,899687.54,899687.54,0,0,0,0,1001016.131,1001016.131,0
DUO858271/20251218,DUO858271,20251218,99971.42098,99971.42098,0,905732.06,905732.06,0,0,0,0,1007147.001,1007147.001,0
DUO858271/20251219,DUO858271,20251219,99971.42098,99971.42098,0,918115.38,918115.38,0,0,0,0,1019530.321,1019530.321,0
DUO858271/20251222,DUO858271,20251222,99971.42098,99971.42098,0,928199.18,928199.18,0,0,0,0,1029614.121,1029614.121,0
DUO858271/20251223,DUO858271,20251223,100257.421,100257.421,0,936292.04,936292.04,0,0,0,0,1037992.981,1037992.981,0
DUO858271/20251224,DUO858271,20251224,100257.421,100257.421,0,936590.59,936590.59,0,0,0,0,1038291.531,1038291.531,0
DUO858271/20251225,DUO858271,20251225,100257.421,100257.421,0,936590.59,936590.59,0,0,0,0,1038291.531,1038291.531,0
DUO858271/20251226,DUO858271,20251226,100257.421,100257.421,0,933950.75,933950.75,0,0,0,0,1035714.571,1035714.571,0
DUO858271/20251229,DUO858271,20251229,100257.421,100257.421,0,933677.34,933677.34,0,0,0,0,1035441.161,1035441.161,0
DUO858271/20251230,DUO858271,20251230,106640.5654,106640.5654,0,927733.98,927733.98,0,0,0,0,1035880.945,1035880.945,0
DUO858271/20251231,DUO858271,20251231,476458.6469,476458.6469,0,552982.07,552982.07,0,0,0,0,1030947.117,1030947.117,0
DUO858271/20260101,DUO858271,20260101,476458.6469,476458.6469,0,552982.07,552982.07,0,0,0,0,1030947.117,1030947.117,0
DUO858271/20260102,DUO858271,20260102,476458.6469,476458.6469,0,551551.34,551551.34,0,0,0,0,1029564.167,1029564.167,0
DUO858271/20260105,DUO858271,20260105,93128.88688,93128.88688,0,929553.58,929553.58,0,0,0,0,1024367.147,1024367.147,0
DUO858271/20260106,DUO858271,20260106,94683.06688,94683.06688,0,932904.78,932904.78,0,0,0,0,1027718.347,1027718.347,0
DUO858271/20260107,DUO858271,20260107,94683.06688,94683.06688,0,936332.4,936332.4,0,0,0,0,1031145.967,1031145.967,0
DUO858271/20260108,DUO858271,20260108,1818.56688,1818.56688,0,1015458.19,1015458.19,0,0,0,0,1017462.717,1017462.717,0
DUO858271/20260109,DUO858271,20260109,1818.56688,1818.56688,0,1023472.55,1023472.55,0,0,0,0,1025477.077,1025477.077,0
DUO880904/20251212,DUO880904,20251212,1000000,1000000,0,0,0,0,0,0,0,1000832.19,1000832.19,0
DUO880904/20251215,DUO880904,20251215,1000000,1000000,0,0,0,0,0,0,0,1001091.24,1001091.24,0
DUO880904/20251216,DUO880904,20251216,1000000,1000000,0,0,0,0,0,0,0,1001177.59,1001177.59,0
DUO880904/20251217,DUO880904,20251217,1000000,1000000,0,0,0,0,0,0,0,1001263.94,1001263.94,0
DUO880904/20251218,DUO880904,20251218,1000000,1000000,0,0,0,0,0,0,0,1001350.29,1001350.29,0
DUO880904/20251219,DUO880904,20251219,1000000,1000000,0,0,0,0,0,0,0,1001436.64,1001436.64,0
DUO880904/20251222,DUO880904,20251222,1000000,1000000,0,0,0,0,0,0,0,1001695.69,1001695.69,0
DUO880904/20251223,DUO880904,20251223,1000000,1000000,0,0,0,0,0,0,0,1001782.04,1001782.04,0
DUO880904/20251224,DUO880904,20251224,1000000,1000000,0,0,0,0,0,0,0,1001868.39,1001868.39,0
DUO880904/20251225,DUO880904,20251225,1000000,1000000,0,0,0,0,0,0,0,1001868.39,1001868.39,0
DUO880904/20251226,DUO880904,20251226,1000000,1000000,0,0,0,0,0,0,0,1002041.09,1002041.09,0
DUO880904/20251229,DUO880904,20251229,1000000,1000000,0,0,0,0,0,0,0,1002300.14,1002300.14,0
DUO880904/20251230,DUO880904,20251230,1000000,1000000,0,0,0,0,0,0,0,1002386.49,1002386.49,0
DUO880904/20251231,DUO880904,20251231,1000000,1000000,0,0,0,0,0,0,0,1002472.84,1002472.84,0
DUO880904/20260101,DUO880904,20260101,1000000,1000000,0,0,0,0,0,0,0,1002472.84,1002472.84,0
DUO880904/20260102,DUO880904,20260102,1000000,1000000,0,0,0,0,0,0,0,1002645.54,1002645.54,0
DUO880904/20260105,DUO880904,20260105,1000000,1000000,0,0,0,0,0,0,0,1002904.59,1002904.59,0
DUO880904/20260106,DUO880904,20260106,1002559.19,1002559.19,0,0,0,0,0,0,0,1002990.94,1002990.94,0
DUO880904/20260107,DUO880904,20260107,1002559.19,1002559.19,0,0,0,0,0,0,0,1003077.51,1003077.51,0
DUO880904/20260108,DUO880904,20260108,1002559.19,1002559.19,0,0,0,0,0,0,0,1003164.08,1003164.08,0
DUO880904/20260109,DUO880904,20260109,1002559.19,1002559.19,0,0,0,0,0,0,0,1003250.65,1003250.65,0
DUO860400/20251212,DUO860400,20251212,1000000,1000000,0,0,0,0,0,0,0,1000925.42,1000925.42,0
DUO860400/20251215,DUO860400,20251215,1000000,1000000,0,0,0,0,0,0,0,1001184.47,1001184.47,0
DUO860400/20251216,DUO860400,20251216,1000000,1000000,0,0,0,0,0,0,0,1001270.82,1001270.82,0
DUO860400/20251217,DUO860400,20251217,863100,863100,0,133800,133800,0,0,0,0,998257.17,998257.17,0
DUO860400/20251218,DUO860400,20251218,676901,676901,0,268300,268300,0,0,0,0,946644.51,946644.51,0
DUO860400/20251219,DUO860400,20251219,679897.3214,679897.3214,0,262900,262900,0,0,0,0,944315.2114,944315.2114,0
DUO860400/20251222,DUO860400,20251222,679897.3214,679897.3214,0,251300,251300,0,0,0,0,932889.6314,932889.6314,0
DUO860400/20251223,DUO860400,20251223,679897.3214,679897.3214,0,249100,249100,0,0,0,0,930748.0614,930748.0614,0
DUO860400/20251224,DUO860400,20251224,679897.3214,679897.3214,0,249900,249900,0,0,0,0,931606.4914,931606.4914,0
DUO860400/20251225,DUO860400,20251225,679897.3214,679897.3214,0,249900,249900,0,0,0,0,931606.4914,931606.4914,0
DUO860400/20251226,DUO860400,20251226,679897.3214,679897.3214,0,250400,250400,0,0,0,0,932223.3514,932223.3514,0
DUO860400/20251229,DUO860400,20251229,679897.3214,679897.3214,0,236600,236600,0,0,0,0,918598.6414,918598.6414,0
DUO860400/20251230,DUO860400,20251230,679897.3214,679897.3214,0,240000,240000,0,0,0,0,922057.0714,922057.0714,0
DUO860400/20251231,DUO860400,20251231,679897.3214,679897.3214,0,240000,240000,0,0,0,0,922115.5014,922115.5014,0
DUO860400/20260101,DUO860400,20260101,679897.3214,679897.3214,0,240000,240000,0,0,0,0,922115.5014,922115.5014,0
DUO860400/20260102,DUO860400,20260102,679897.3214,679897.3214,0,247100,247100,0,0,0,0,929332.3614,929332.3614,0
DUO860400/20260105,DUO860400,20260105,679897.3214,679897.3214,0,239100,239100,0,0,0,0,921507.6514,921507.6514,0
DUO860400/20260106,DUO860400,20260106,682173.9314,682173.9314,0,235300,235300,0,0,0,0,917766.0814,917766.0814,0
DUO860400/20260107,DUO860400,20260107,858651.1894,858651.1894,0,3510,3510,0,0,0,0,862511.9694,862511.9694,0
DUO860400/20260108,DUO860400,20260108,858651.1894,858651.1894,0,4710,4710,0,0,0,0,863770.1994,863770.1994,0
DUO860400/20260109,DUO860400,20260109,858651.1894,858651.1894,0,3750,3750,0,0,0,0,862884.2194,862884.2194,0
DUO858195/20251212,DUO858195,20251212,1000000,1000000,0,0,0,0,0,0,0,1000925.42,1000925.42,0
DUO858195/20251215,DUO858195,20251215,1000000,1000000,0,0,0,0,0,0,0,1001184.47,1001184.47,0
DUO858195/20251216,DUO858195,20251216,1000000,1000000,0,0,0,0,0,0,0,1001270.82,1001270.82,0
DUO858195/20251217,DUO858195,20251217,850037.48,850037.48,0,147466.3,147466.3,0,0,0,0,998860.95,998860.95,0
DUO858195/20251218,DUO858195,20251218,902507.3891,902507.3891,0,95441.54,95441.54,0,0,0,0,999392.4391,999392.4391,0
DUO858195/20251219,DUO858195,20251219,1003339.58,1003339.58,0,0,0,0,0,0,0,1004856.36,1004856.36,0
DUO858195/20251222,DUO858195,20251222,1003339.58,1003339.58,0,0,0,0,0,0,0,1005089.88,1005089.88,0
DUO858195/20251223,DUO858195,20251223,1003339.58,1003339.58,0,0,0,0,0,0,0,1005176.52,1005176.52,0
DUO858195/20251224,DUO858195,20251224,1003339.58,1003339.58,0,0,0,0,0,0,0,1005263.16,1005263.16,0
DUO858195/20251225,DUO858195,20251225,1003339.58,1003339.58,0,0,0,0,0,0,0,1005263.16,1005263.16,0
DUO858195/20251226,DUO858195,20251226,1003339.58,1003339.58,0,0,0,0,0,0,0,1005436.44,1005436.44,0
DUO858195/20251229,DUO858195,20251229,1003339.58,1003339.58,0,0,0,0,0,0,0,1005696.36,1005696.36,0
DUO858195/20251230,DUO858195,20251230,1003339.58,1003339.58,0,0,0,0,0,0,0,1005783,1005783,0
DUO858195/20251231,DUO858195,20251231,1003339.58,1003339.58,0,0,0,0,0,0,0,1005869.64,1005869.64,0
DUO858195/20260101,DUO858195,20260101,1003339.58,1003339.58,0,0,0,0,0,0,0,1005869.64,1005869.64,0
DUO858195/20260102,DUO858195,20260102,1003339.58,1003339.58,0,0,0,0,0,0,0,1006042.92,1006042.92,0
DUO858195/20260105,DUO858195,20260105,1003339.58,1003339.58,0,0,0,0,0,0,0,1006302.84,1006302.84,0
DUO858195/20260106,DUO858195,20260106,1005956.28,1005956.28,0,0,0,0,0,0,0,1006389.48,1006389.48,0
DUO858195/20260107,DUO858195,20260107,1005956.28,1005956.28,0,0,0,0,0,0,0,1006476.35,1006476.35,0
DUO858195/20260108,DUO858195,20260108,1005956.28,1005956.28,0,0,0,0,0,0,0,1006563.22,1006563.22,0
DUO858195/20260109,DUO858195,20260109,1006960.838,1006960.838,0,0,0,0,0,0,0,1007654.648,1007654.648,0
DUO858694/20251212,DUO858694,20251212,1000000,1000000,0,0,0,0,0,0,0,1000925.42,1000925.42,0
DUO858694/20251215,DUO858694,20251215,1000000,1000000,0,0,0,0,0,0,0,1001184.47,1001184.47,0
DUO858694/20251216,DUO858694,20251216,1000000,1000000,0,0,0,0,0,0,0,1001270.82,1001270.82,0
DUO858694/20251217,DUO858694,20251217,1000000,1000000,0,0,0,0,0,0,0,1001357.17,1001357.17,0
DUO858694/20251218,DUO858694,20251218,1000000,1000000,0,0,0,0,0,0,0,1001443.52,1001443.52,0
DUO858694/20251219,DUO858694,20251219,1000000,1000000,0,0,0,0,0,0,0,1001529.87,1001529.87,0
DUO858694/20251222,DUO858694,20251222,1000000,1000000,0,0,0,0,0,0,0,1001788.92,1001788.92,0
DUO858694/20251223,DUO858694,20251223,1000000,1000000,0,0,0,0,0,0,0,1001875.27,1001875.27,0
DUO858694/20251224,DUO858694,20251224,1000000,1000000,0,0,0,0,0,0,0,1001961.62,1001961.62,0
DUO858694/20251225,DUO858694,20251225,1000000,1000000,0,0,0,0,0,0,0,1001961.62,1001961.62,0
DUO858694/20251226,DUO858694,20251226,1000000,1000000,0,0,0,0,0,0,0,1002134.32,1002134.32,0
DUO858694/20251229,DUO858694,20251229,849998.9654,849998.9654,0,150118.52,150118.52,0,0,0,0,1002510.855,1002510.855,0
DUO858694/20251230,DUO858694,20251230,849998.9654,849998.9654,0,149935.19,149935.19,0,0,0,0,1002413.875,1002413.875,0
DUO858694/20251231,DUO858694,20251231,824994.9349,824994.9349,0,173670.3,173670.3,0,0,0,0,1001218.225,1001218.225,0
DUO858694/20260101,DUO858694,20260101,824994.9349,824994.9349,0,173670.3,173670.3,0,0,0,0,1001218.225,1001218.225,0
DUO858694/20260102,DUO858694,20260102,824994.9349,824994.9349,0,174618.11,174618.11,0,0,0,0,1002312.575,1002312.575,0
DUO858694/20260105,DUO858694,20260105,824994.9349,824994.9349,0,176553.85,176553.85,0,0,0,0,1004461.585,1004461.585,0
DUO858694/20260106,DUO858694,20260106,827621.1949,827621.1949,0,177982.76,177982.76,0,0,0,0,1005961.585,1005961.585,0
DUO858694/20260107,DUO858694,20260107,827621.1949,827621.1949,0,177411.41,177411.41,0,0,0,0,1005461.545,1005461.545,0
DUO858694/20260108,DUO858694,20260108,827621.1949,827621.1949,0,177779.19,177779.19,0,0,0,0,1005900.635,1005900.635,0
DUO858694/20260109,DUO858694,20260109,827621.1949,827621.1949,0,179427.77,179427.77,0,0,0,0,1007620.525,1007620.525,0
DUO858167/20251212,DUO858167,20251212,977012.1535,977012.1535,0,22619,22619,0,0,0,0,1000551.803,1000551.803,0
DUO858167/20251215,DUO858167,20251215,1022276.987,1022276.987,0,-22254,0,-22254,0,0,0,1001195.817,1023449.817,-22254
DUO858167/20251216,DUO858167,20251216,1022276.987,1022276.987,0,-22256,0,-22256,0,0,0,1001280.167,1023536.167,-22256
DUO858167/20251217,DUO858167,20251217,1022276.987,1022276.987,0,-22127,0,-22127,0,0,0,1001495.477,1023622.477,-22127
DUO858167/20251218,DUO858167,20251218,999418.9869,999418.9869,0,0,0,0,0,0,0,1000850.777,1000850.777,0
DUO858167/20251219,DUO858167,20251219,999418.9869,999418.9869,0,0,0,0,0,0,0,1000937.097,1000937.097,0
DUO858167/20251222,DUO858167,20251222,993571.3049,993571.3049,0,0,0,0,4967.4,4967.4,0,1000315.715,1000315.715,0
DUO858167/20251223,DUO858167,20251223,993571.3049,993571.3049,0,0,0,0,3358,3358,0,998792.6149,998792.6149,0
DUO858167/20251224,DUO858167,20251224,991855.0934,991855.0934,0,0,0,0,4248.3,4248.3,0,998052.4934,998052.4934,0
DUO858167/20251225,DUO858167,20251225,991855.0934,991855.0934,0,0,0,0,4248.3,4248.3,0,998052.4934,998052.4934,0
DUO858167/20251226,DUO858167,20251226,991855.0934,991855.0934,0,0,0,0,2847.7,2847.7,0,996823.4734,996823.4734,0
DUO858167/20251229,DUO858167,20251229,991855.0934,991855.0934,0,0,0,0,3890.5,3890.5,0,998123.1934,998123.1934,0
DUO858167/20251230,DUO858167,20251230,991855.0934,991855.0934,0,0,0,0,3512.1,3512.1,0,997830.4334,997830.4334,0
DUO858167/20251231,DUO858167,20251231,991855.0934,991855.0934,0,0,0,0,2804.9,2804.9,0,997208.8734,997208.8734,0
DUO858167/20260101,DUO858167,20260101,991855.0934,991855.0934,0,0,0,0,2804.9,2804.9,0,997208.8734,997208.8734,0
DUO858167/20260102,DUO858167,20260102,991855.0934,991855.0934,0,0,0,0,6949.15,6949.15,0,1001523.623,1001524.403,-0.78
DUO858167/20260105,DUO858167,20260105,984643.6384,984643.6384,0,0,0,0,19183.05,19183.05,0,1006802.988,1006803.768,-0.78
DUO858167/20260106,DUO858167,20260106,987277.3784,987277.3784,0,0,0,0,13305,13305,0,1001010.568,1001010.568,0
DUO858167/20260107,DUO858167,20260107,987277.3784,987277.3784,0,0,0,0,11132.1,11132.1,0,998922.9084,998922.9084,0
DUO858167/20260108,DUO858167,20260108,995208.8257,995208.8257,0,0,0,0,9302.8,9302.8,0,1005110.296,1005110.296,0
DUO858167/20260109,DUO858167,20260109,998929.5582,998929.5582,0,0,0,0,0,0,0,999613.4682,999613.4682,0
DUO858213/20251212,DUO858213,20251212,1000000,1000000,0,0,0,0,0,0,0,1000925.42,1000925.42,0
DUO858213/20251215,DUO858213,20251215,1000000,1000000,0,0,0,0,0,0,0,1001184.47,1001184.47,0
DUO858213/20251216,DUO858213,20251216,1000000,1000000,0,0,0,0,0,0,0,1001270.82,1001270.82,0
DUO858213/20251217,DUO858213,20251217,1000000,1000000,0,0,0,0,0,0,0,1001357.17,1001357.17,0
DUO858213/20251218,DUO858213,20251218,1000000,1000000,0,0,0,0,0,0,0,1001443.52,1001443.52,0
DUO858213/20251219,DUO858213,20251219,1000000,1000000,0,0,0,0,0,0,0,1001529.87,1001529.87,0
DUO858213/20251222,DUO858213,20251222,1000000,1000000,0,0,0,0,0,0,0,1001788.92,1001788.92,0
DUO858213/20251223,DUO858213,20251223,1000000,1000000,0,0,0,0,0,0,0,1001875.27,1001875.27,0
DUO858213/20251224,DUO858213,20251224,1000000,1000000,0,0,0,0,0,0,0,1001961.62,1001961.62,0
DUO858213/20251225,DUO858213,20251225,1000000,1000000,0,0,0,0,0,0,0,1001961.62,1001961.62,0
DUO858213/20251226,DUO858213,20251226,1000000,1000000,0,0,0,0,0,0,0,1002134.32,1002134.32,0
DUO858213/20251229,DUO858213,20251229,1000000,1000000,0,0,0,0,0,0,0,1002393.37,1002393.37,0
DUO858213/20251230,DUO858213,20251230,1000000,1000000,0,0,0,0,0,0,0,1002479.72,1002479.72,0
DUO858213/20251231,DUO858213,20251231,1000000,1000000,0,0,0,0,0,0,0,1002566.07,1002566.07,0
DUO858213/20260101,DUO858213,20260101,1000000,1000000,0,0,0,0,0,0,0,1002566.07,1002566.07,0
DUO858213/20260102,DUO858213,20260102,1000000,1000000,0,0,0,0,0,0,0,1002738.77,1002738.77,0
DUO858213/20260105,DUO858213,20260105,944763,944764,-1,0,0,0,80000,80000,0,1027760.82,1027761.82,-1
DUO858213/20260106,DUO858213,20260106,782518.42,782519.42,-1,156540,156540,0,40000,40000,0,979485.35,979486.35,-1
DUO858213/20260107,DUO858213,20260107,782518.42,782519.42,-1,155200,155200,0,24000,24000,0,962227.11,962228.11,-1
DUO858213/20260108,DUO858213,20260108,782518.42,782519.42,-1,159250,159250,0,60000,60000,0,1002344.49,1002345.49,-1
DUO858213/20260109,DUO858213,20260109,782518.42,782519.42,-1,162110,162110,0,115000,115000,0,1060271.87,1060272.87,-1
DUO859340/20251212,DUO859340,20251212,1000000,1000000,0,0,0,0,0,0,0,1000925.42,1000925.42,0
DUO859340/20251215,DUO859340,20251215,1000000,1000000,0,0,0,0,0,0,0,1001184.47,1001184.47,0
DUO859340/20251216,DUO859340,20251216,1000000,1000000,0,0,0,0,0,0,0,1001270.82,1001270.82,0
DUO859340/20251217,DUO859340,20251217,1000000,1000000,0,0,0,0,0,0,0,1001357.17,1001357.17,0
DUO859340/20251218,DUO859340,20251218,1000000,1000000,0,0,0,0,0,0,0,1001443.52,1001443.52,0
DUO859340/20251219,DUO859340,20251219,1000000,1000000,0,0,0,0,0,0,0,1001529.87,1001529.87,0
DUO859340/20251222,DUO859340,20251222,1000000,1000000,0,0,0,0,0,0,0,1001788.92,1001788.92,0
DUO859340/20251223,DUO859340,20251223,1000000,1000000,0,0,0,0,0,0,0,1001875.27,1001875.27,0
DUO859340/20251224,DUO859340,20251224,1000000,1000000,0,0,0,0,0,0,0,1001961.62,1001961.62,0
DUO859340/20251225,DUO859340,20251225,1000000,1000000,0,0,0,0,0,0,0,1001961.62,1001961.62,0
DUO859340/20251226,DUO859340,20251226,1000000,1000000,0,0,0,0,0,0,0,1002134.32,1002134.32,0
DUO859340/20251229,DUO859340,20251229,1000000,1000000,0,0,0,0,0,0,0,1002393.37,1002393.37,0
DUO859340/20251230,DUO859340,20251230,1000000,1000000,0,0,0,0,0,0,0,1002479.72,1002479.72,0
DUO859340/20251231,DUO859340,20251231,1000000,1000000,0,0,0,0,0,0,0,1002566.07,1002566.07,0
DUO859340/20260101,DUO859340,20260101,1000000,1000000,0,0,0,0,0,0,0,1002566.07,1002566.07,0
DUO859340/20260102,DUO859340,20260102,1000000,1000000,0,0,0,0,0,0,0,1002738.77,1002738.77,0
DUO859340/20260105,DUO859340,20260105,1000000,1000000,0,0,0,0,0,0,0,1002997.82,1002997.82,0
DUO859340/20260106,DUO859340,20260106,1002652.42,1002652.42,0,0,0,0,0,0,0,1003084.17,1003084.17,0
DUO859340/20260107,DUO859340,20260107,1002652.42,1002652.42,0,0,0,0,0,0,0,1003170.75,1003170.75,0
DUO859340/20260108,DUO859340,20260108,1002652.42,1002652.42,0,0,0,0,0,0,0,1003257.33,1003257.33,0
DUO859340/20260109,DUO859340,20260109,1002652.42,1002652.42,0,0,0,0,0,0,0,1003343.91,1003343.91,0
DUO858252/20251212,DUO858252,20251212,1000000,1000000,0,0,0,0,0,0,0,1000925.42,1000925.42,0
DUO858252/20251215,DUO858252,20251215,1004432.57,1004432.57,0,-4410.37,0,-4410.37,0,0,0,1001206.67,1005617.04,-4410.37
DUO858252/20251216,DUO858252,20251216,1004432.57,1004432.57,0,-4296.29,0,-4296.29,0,0,0,1001407.12,1005703.41,-4296.29
DUO858252/20251217,DUO858252,20251217,888318.5698,888318.5698,0,109893.91,109893.91,0,0,0,0,999569.6598,999569.6598,0
DUO858252/20251218,DUO858252,20251218,888318.5698,888318.5698,0,111328.48,111328.48,0,0,0,0,1001090.58,1001090.58,0
DUO858252/20251219,DUO858252,20251219,888318.5698,888318.5698,0,113210.04,113210.04,0,0,0,0,1003048.75,1003048.75,0
DUO858252/20251222,DUO858252,20251222,593450.7098,593450.7098,0,409799.07,409799.07,0,0,0,0,1004999.75,1004999.75,0
DUO858252/20251223,DUO858252,20251223,593450.7098,593450.7098,0,410511.16,410511.16,0,0,0,0,1005788.45,1005788.45,0
DUO858252/20251224,DUO858252,20251224,593450.7098,593450.7098,0,410061.71,410061.71,0,0,0,0,1005389.89,1005389.89,0
DUO858252/20251225,DUO858252,20251225,593450.7098,593450.7098,0,410061.71,410061.71,0,0,0,0,1005389.89,1005389.89,0
DUO858252/20251226,DUO858252,20251226,593450.7098,593450.7098,0,412050.85,412050.85,0,0,0,0,1007480.81,1007480.81,0
DUO858252/20251229,DUO858252,20251229,243886.7098,243886.7098,0,758340.11,758340.11,0,0,0,0,1004358.74,1004358.74,0
DUO858252/20251230,DUO858252,20251230,243886.7098,243886.7098,0,761951.35,761951.35,0,0,0,0,1008020.87,1008020.87,0
DUO858252/20251231,DUO858252,20251231,243886.7098,243886.7098,0,756230.19,756230.19,0,0,0,0,1002299.71,1002299.71,0
DUO858252/20260101,DUO858252,20260101,243886.7098,243886.7098,0,756230.19,756230.19,0,0,0,0,1002299.71,1002299.71,0
DUO858252/20260102,DUO858252,20260102,243886.7098,243886.7098,0,775154.89,775154.89,0,0,0,0,1021265.08,1021265.21,-0.13
DUO858252/20260105,DUO858252,20260105,243886.7098,243886.7098,0,768227.36,768227.36,0,0,0,0,1014419.15,1014419.28,-0.13
DUO858252/20260106,DUO858252,20260106,246110.1898,246110.1898,0,758232.93,758232.93,0,0,0,0,1004424.72,1004424.72,0
DUO858252/20260107,DUO858252,20260107,343012.0338,343012.0338,0,649732.92,649732.92,0,0,0,0,992826.5538,992826.5538,0
DUO858252/20260108,DUO858252,20260108,343012.0338,343012.0338,0,648896,648896,0,0,0,0,992051.2138,992051.2138,0
DUO858252/20260109,DUO858252,20260109,343012.0338,343012.0338,0,658859.66,658859.66,0,0,0,0,1002014.874,1002014.874,0
DUO858308/20251212,DUO858308,20251212,1000000,1000000,0,0,0,0,0,0,0,1000925.42,1000925.42,0
DUO858308/20251215,DUO858308,20251215,1000000,1000000,0,0,0,0,0,0,0,1001184.47,1001184.47,0
DUO858308/20251216,DUO858308,20251216,1000000,1000000,0,0,0,0,0,0,0,1001270.82,1001270.82,0
DUO858308/20251217,DUO858308,20251217,996008.7155,996008.7155,0,0,0,0,3665.5,3665.5,0,1001031.386,1001031.386,0
DUO858308/20251218,DUO858308,20251218,996008.7155,996008.7155,0,0,0,0,630,630,0,998082.2255,998082.2255,0
DUO858308/20251219,DUO858308,20251219,996008.7155,996008.7155,0,0,0,0,0,0,0,997538.2255,997538.2255,0
DUO858308/20251222,DUO858308,20251222,996008.7155,996008.7155,0,0,0,0,0,0,0,997796.2255,997796.2255,0
DUO858308/20251223,DUO858308,20251223,996008.7155,996008.7155,0,0,0,0,0,0,0,997882.2255,997882.2255,0
DUO858308/20251224,DUO858308,20251224,996008.7155,996008.7155,0,0,0,0,0,0,0,997968.2255,997968.2255,0
DUO858308/20251225,DUO858308,20251225,996008.7155,996008.7155,0,0,0,0,0,0,0,997968.2255,997968.2255,0
DUO858308/20251226,DUO858308,20251226,996008.7155,996008.7155,0,0,0,0,0,0,0,998140.2255,998140.2255,0
DUO858308/20251229,DUO858308,20251229,996008.7155,996008.7155,0,0,0,0,0,0,0,998398.2255,998398.2255,0
DUO858308/20251230,DUO858308,20251230,996008.7155,996008.7155,0,0,0,0,0,0,0,998484.2255,998484.2255,0
DUO858308/20251231,DUO858308,20251231,996008.7155,996008.7155,0,0,0,0,0,0,0,998570.2255,998570.2255,0
DUO858308/20260101,DUO858308,20260101,996008.7155,996008.7155,0,0,0,0,0,0,0,998570.2255,998570.2255,0
DUO858308/20260102,DUO858308,20260102,996008.7155,996008.7155,0,0,0,0,0,0,0,998742.2255,998742.2255,0
DUO858308/20260105,DUO858308,20260105,996008.7155,996008.7155,0,0,0,0,0,0,0,999000.2255,999000.2255,0
DUO858308/20260106,DUO858308,20260106,998656.2255,998656.2255,0,0,0,0,0,0,0,999086.2255,999086.2255,0
DUO858308/20260107,DUO858308,20260107,998656.2255,998656.2255,0,0,0,0,0,0,0,999172.4555,999172.4555,0
DUO858308/20260108,DUO858308,20260108,998656.2255,998656.2255,0,0,0,0,0,0,0,999258.6855,999258.6855,0
DUO858308/20260109,DUO858308,20260109,998656.2255,998656.2255,0,0,0,0,0,0,0,999344.9155,999344.9155,0
DUO858706/20251212,DUO858706,20251212,1000000,1000000,0,0,0,0,0,0,0,1000925.42,1000925.42,0
DUO858706/20251215,DUO858706,20251215,1000000,1000000,0,0,0,0,0,0,0,1001184.47,1001184.47,0
DUO858706/20251216,DUO858706,20251216,1000000,1000000,0,0,0,0,0,0,0,1001270.82,1001270.82,0
DUO858706/20251217,DUO858706,20251217,1000000,1000000,0,0,0,0,0,0,0,1001357.17,1001357.17,0
DUO858706/20251218,DUO858706,20251218,1000000,1000000,0,0,0,0,0,0,0,1001443.52,1001443.52,0
DUO858706/20251219,DUO858706,20251219,1000000,1000000,0,0,0,0,0,0,0,1001529.87,1001529.87,0
DUO858706/20251222,DUO858706,20251222,1000000,1000000,0,0,0,0,0,0,0,1001788.92,1001788.92,0
DUO858706/20251223,DUO858706,20251223,1000000,1000000,0,0,0,0,0,0,0,1001875.27,1001875.27,0
DUO858706/20251224,DUO858706,20251224,1000000,1000000,0,0,0,0,0,0,0,1001961.62,1001961.62,0
DUO858706/20251225,DUO858706,20251225,1000000,1000000,0,0,0,0,0,0,0,1001961.62,1001961.62,0
DUO858706/20251226,DUO858706,20251226,1000000,1000000,0,0,0,0,0,0,0,1002134.32,1002134.32,0
DUO858706/20251229,DUO858706,20251229,1000000,1000000,0,0,0,0,0,0,0,1002393.37,1002393.37,0
DUO858706/20251230,DUO858706,20251230,1000000,1000000,0,0,0,0,0,0,0,1002479.72,1002479.72,0
DUO858706/20251231,DUO858706,20251231,1000000,1000000,0,0,0,0,0,0,0,1002566.07,1002566.07,0
DUO858706/20260101,DUO858706,20260101,1000000,1000000,0,0,0,0,0,0,0,1002566.07,1002566.07,0
DUO858706/20260102,DUO858706,20260102,1000000,1000000,0,0,0,0,0,0,0,1002738.77,1002738.77,0
DUO858706/20260105,DUO858706,20260105,1000000,1000000,0,0,0,0,0,0,0,1002997.82,1002997.82,0
DUO858706/20260106,DUO858706,20260106,1002652.42,1002652.42,0,0,0,0,0,0,0,1003084.17,1003084.17,0
DUO858706/20260107,DUO858706,20260107,1002652.42,1002652.42,0,0,0,0,0,0,0,1003170.75,1003170.75,0
DUO858706/20260108,DUO858706,20260108,1002652.42,1002652.42,0,0,0,0,0,0,0,1003257.33,1003257.33,0
DUO858706/20260109,DUO858706,20260109,1002652.42,1002652.42,0,0,0,0,0,0,0,1003343.91,1003343.91,0
DUO858320/20251212,DUO858320,20251212,1000000,1000000,0,0,0,0,0,0,0,1000925.42,1000925.42,0
DUO858320/20251215,DUO858320,20251215,1000000,1000000,0,0,0,0,0,0,0,1001184.47,1001184.47,0
DUO858320/20251216,DUO858320,20251216,1000000,1000000,0,0,0,0,0,0,0,1001270.82,1001270.82,0
DUO858320/20251217,DUO858320,20251217,1000000,1000000,0,0,0,0,0,0,0,1001357.17,1001357.17,0
DUO858320/20251218,DUO858320,20251218,1000000,1000000,0,0,0,0,0,0,0,1001443.52,1001443.52,0
DUO858320/20251219,DUO858320,20251219,1000000,1000000,0,0,0,0,0,0,0,1001529.87,1001529.87,0
DUO858320/20251222,DUO858320,20251222,1000000,1000000,0,0,0,0,0,0,0,1001788.92,1001788.92,0
DUO858320/20251223,DUO858320,20251223,996555.18,996555.18,0,3420.91,3420.91,0,0,0,0,1001851.36,1001851.36,0
DUO858320/20251224,DUO858320,20251224,913170.68,913170.68,0,86928.94,86928.94,0,0,0,0,1002061.24,1002061.24,0
DUO858320/20251225,DUO858320,20251225,913170.68,913170.68,0,86928.94,86928.94,0,0,0,0,1002061.24,1002061.24,0
DUO858320/20251226,DUO858320,20251226,913170.68,913170.68,0,86950.3,86950.3,0,0,0,0,1002254.7,1002254.7,0
DUO858320/20251229,DUO858320,20251229,913170.68,913170.68,0,84357.33,84357.33,0,0,0,0,999898.07,999898.07,0
DUO858320/20251230,DUO858320,20251230,913170.68,913170.68,0,83938.7,83938.7,0,0,0,0,999558.22,999558.22,0
DUO858320/20251231,DUO858320,20251231,913170.68,913170.68,0,83458.81,83458.81,0,0,0,0,999157.11,999157.11,0
DUO858320/20260101,DUO858320,20260101,913170.68,913170.68,0,83458.81,83458.81,0,0,0,0,999157.11,999157.11,0
DUO858320/20260102,DUO858320,20260102,913170.68,913170.68,0,85154.7,85154.7,0,0,0,0,1001010.56,1001010.56,0
DUO858320/20260105,DUO858320,20260105,913170.68,913170.68,0,87664.72,87664.72,0,0,0,0,1003756.92,1003756.92,0
DUO858320/20260106,DUO858320,20260106,915777.08,915777.08,0,86699.43,86699.43,0,0,0,0,1002870.41,1002870.41,0
DUO858320/20260107,DUO858320,20260107,915777.08,915777.08,0,87462.53,87462.53,0,0,0,0,1003712.51,1003712.51,0
DUO858320/20260108,DUO858320,20260108,915777.08,915777.08,0,89050.24,89050.24,0,0,0,0,1005379.22,1005379.22,0
DUO858320/20260109,DUO858320,20260109,915777.08,915777.08,0,89282.99,89282.99,0,0,0,0,1005690.97,1005690.97,0
DUO858796/20251212,DUO858796,20251212,647746.3057,647746.3057,0,258725,258725,0,0,0,0,995462.9857,995462.9857,0
DUO858796/20251215,DUO858796,20251215,1344788.973,1344788.973,0,-256635,0,-256635,0,0,0,1089224.05,1345859.05,-256635
DUO858796/20251216,DUO858796,20251216,1344788.973,1344788.973,0,-257695,0,-257695,0,0,0,1088258.05,1345953.05,-257695
DUO858796/20251217,DUO858796,20251217,1000000.003,1000000.003,0,0,0,0,0,0,0,1001257.61,1001257.61,0
DUO858796/20251218,DUO858796,20251218,1000000.003,1000000.003,0,0,0,0,0,0,0,1001343.96,1001343.96,0
DUO858796/20251219,DUO858796,20251219,1000000.003,1000000.003,0,0,0,0,0,0,0,1001430.31,1001430.31,0
DUO858796/20251222,DUO858796,20251222,1000000.003,1000000.003,0,0,0,0,0,0,0,1001689.36,1001689.36,0
DUO858796/20251223,DUO858796,20251223,1000000.003,1000000.003,0,0,0,0,0,0,0,1001775.71,1001775.71,0
DUO858796/20251224,DUO858796,20251224,1000000.003,1000000.003,0,0,0,0,0,0,0,1001862.06,1001862.06,0
DUO858796/20251225,DUO858796,20251225,1000000.003,1000000.003,0,0,0,0,0,0,0,1001862.06,1001862.06,0
DUO858796/20251226,DUO858796,20251226,1000000.003,1000000.003,0,0,0,0,0,0,0,1002034.76,1002034.76,0
DUO858796/20251229,DUO858796,20251229,1000000.003,1000000.003,0,0,0,0,0,0,0,1002293.81,1002293.81,0
DUO858796/20251230,DUO858796,20251230,1000000.003,1000000.003,0,0,0,0,0,0,0,1002380.16,1002380.16,0
DUO858796/20251231,DUO858796,20251231,1000000.003,1000000.003,0,0,0,0,0,0,0,1002466.51,1002466.51,0
DUO858796/20260101,DUO858796,20260101,1000000.003,1000000.003,0,0,0,0,0,0,0,1002466.51,1002466.51,0
DUO858796/20260102,DUO858796,20260102,1000000.003,1000000.003,0,0,0,0,0,0,0,1002647.55,1002647.55,0
DUO858796/20260105,DUO858796,20260105,1000000.003,1000000.003,0,0,0,0,0,0,0,1002906.6,1002906.6,0
DUO858796/20260106,DUO858796,20260106,1002547.313,1002547.313,0,0,0,0,0,0,0,1002992.95,1002992.95,0
DUO858796/20260107,DUO858796,20260107,1002547.313,1002547.313,0,0,0,0,0,0,0,1003079.52,1003079.52,0
DUO858796/20260108,DUO858796,20260108,1002547.313,1002547.313,0,0,0,0,0,0,0,1003166.09,1003166.09,0
DUO858796/20260109,DUO858796,20260109,1002547.313,1002547.313,0,0,0,0,0,0,0,1003252.66,1003252.66,0
DUO858010/20251212,DUO858010,20251212,1000000,1000000,0,0,0,0,0,0,0,1000925.42,1000925.42,0
DUO858010/20251215,DUO858010,20251215,1000000,1000000,0,0,0,0,0,0,0,1001184.47,1001184.47,0
DUO858010/20251216,DUO858010,20251216,1000000,1000000,0,0,0,0,0,0,0,1001270.82,1001270.82,0
DUO858010/20251217,DUO858010,20251217,1000000,1000000,0,0,0,0,0,0,0,1001357.17,1001357.17,0
DUO858010/20251218,DUO858010,20251218,1000000,1000000,0,0,0,0,0,0,0,1001443.52,1001443.52,0
DUO858010/20251219,DUO858010,20251219,1000000,1000000,0,0,0,0,0,0,0,1001529.87,1001529.87,0
DUO858010/20251222,DUO858010,20251222,1000000,1000000,0,0,0,0,0,0,0,1001788.92,1001788.92,0
DUO858010/20251223,DUO858010,20251223,1000000,1000000,0,0,0,0,0,0,0,1001875.27,1001875.27,0
DUO858010/20251224,DUO858010,20251224,1000000,1000000,0,0,0,0,0,0,0,1001961.62,1001961.62,0
DUO858010/20251225,DUO858010,20251225,1000000,1000000,0,0,0,0,0,0,0,1001961.62,1001961.62,0
DUO858010/20251226,DUO858010,20251226,1000000,1000000,0,0,0,0,0,0,0,1002134.32,1002134.32,0
DUO858010/20251229,DUO858010,20251229,1000000,1000000,0,0,0,0,0,0,0,1002393.37,1002393.37,0
DUO858010/20251230,DUO858010,20251230,1000000,1000000,0,0,0,0,0,0,0,1002479.72,1002479.72,0
DUO858010/20251231,DUO858010,20251231,1000000,1000000,0,0,0,0,0,0,0,1002566.07,1002566.07,0
DUO858010/20260101,DUO858010,20260101,1000000,1000000,0,0,0,0,0,0,0,1002566.07,1002566.07,0
DUO858010/20260102,DUO858010,20260102,1000000,1000000,0,0,0,0,0,0,0,1002738.77,1002738.77,0
DUO858010/20260105,DUO858010,20260105,1000000,1000000,0,0,0,0,0,0,0,1002997.82,1002997.82,0
DUO858010/20260106,DUO858010,20260106,1002652.42,1002652.42,0,0,0,0,0,0,0,1003084.17,1003084.17,0
DUO858010/20260107,DUO858010,20260107,1002652.42,1002652.42,0,0,0,0,0,0,0,1003170.75,1003170.75,0
DUO858010/20260108,DUO858010,20260108,1002652.42,1002652.42,0,0,0,0,0,0,0,1003257.33,1003257.33,0
DUO858010/20260109,DUO858010,20260109,1002652.42,1002652.42,0,0,0,0,0,0,0,1003343.91,1003343.91,0
DUO858142/20251212,DUO858142,20251212,1000000,1000000,0,0,0,0,0,0,0,1000925.42,1000925.42,0
DUO858142/20251215,DUO858142,20251215,1000000,1000000,0,0,0,0,0,0,0,1001184.47,1001184.47,0
DUO858142/20251216,DUO858142,20251216,1000000,1000000,0,0,0,0,0,0,0,1001270.82,1001270.82,0
DUO858142/20251217,DUO858142,20251217,1000000,1000000,0,0,0,0,0,0,0,1001357.17,1001357.17,0
DUO858142/20251218,DUO858142,20251218,1000000,1000000,0,0,0,0,0,0,0,1001443.52,1001443.52,0
DUO858142/20251219,DUO858142,20251219,1000000,1000000,0,0,0,0,0,0,0,1001529.87,1001529.87,0
DUO858142/20251222,DUO858142,20251222,1000000,1000000,0,0,0,0,0,0,0,1001788.92,1001788.92,0
DUO858142/20251223,DUO858142,20251223,1000000,1000000,0,0,0,0,0,0,0,1001875.27,1001875.27,0
DUO858142/20251224,DUO858142,20251224,1000000,1000000,0,0,0,0,0,0,0,1001961.62,1001961.62,0
DUO858142/20251225,DUO858142,20251225,1000000,1000000,0,0,0,0,0,0,0,1001961.62,1001961.62,0
DUO858142/20251226,DUO858142,20251226,1000000,1000000,0,0,0,0,0,0,0,1002134.32,1002134.32,0
DUO858142/20251229,DUO858142,20251229,1000000,1000000,0,0,0,0,0,0,0,1002393.37,1002393.37,0
DUO858142/20251230,DUO858142,20251230,1000000,1000000,0,0,0,0,0,0,0,1002479.72,1002479.72,0
DUO858142/20251231,DUO858142,20251231,1000000,1000000,0,0,0,0,0,0,0,1002566.07,1002566.07,0
DUO858142/20260101,DUO858142,20260101,1000000,1000000,0,0,0,0,0,0,0,1002566.07,1002566.07,0
DUO858142/20260102,DUO858142,20260102,1000000,1000000,0,0,0,0,0,0,0,1002738.77,1002738.77,0
DUO858142/20260105,DUO858142,20260105,1000000,1000000,0,0,0,0,0,0,0,1002997.82,1002997.82,0
DUO858142/20260106,DUO858142,20260106,1002652.42,1002652.42,0,0,0,0,0,0,0,1003084.17,1003084.17,0
DUO858142/20260107,DUO858142,20260107,1002652.42,1002652.42,0,0,0,0,0,0,0,1003170.75,1003170.75,0
DUO858142/20260108,DUO858142,20260108,1002652.42,1002652.42,0,0,0,0,0,0,0,1003257.33,1003257.33,0
DUO858142/20260109,DUO858142,20260109,1002652.42,1002652.42,0,0,0,0,0,0,0,1003343.91,1003343.91,0
DUO858287/20251212,DUO858287,20251212,1000000,1000000,0,0,0,0,0,0,0,1000925.42,1000925.42,0
DUO858287/20251215,DUO858287,20251215,1000000,1000000,0,0,0,0,0,0,0,1001184.47,1001184.47,0
DUO858287/20251216,DUO858287,20251216,1000000,1000000,0,0,0,0,0,0,0,1001270.82,1001270.82,0
DUO858287/20251217,DUO858287,20251217,338125.595,338125.595,0,647732.1,647732.1,0,0,0,0,987214.865,987214.865,0
DUO858287/20251218,DUO858287,20251218,338125.595,338125.595,0,654582.2,654582.2,0,0,0,0,994151.315,994151.315,0
DUO858287/20251219,DUO858287,20251219,338125.595,338125.595,0,663607.7,663607.7,0,0,0,0,1003176.815,1003176.815,0
DUO858287/20251222,DUO858287,20251222,338125.595,338125.595,0,668405.5,668405.5,0,0,0,0,1008089.095,1008089.095,0
DUO858287/20251223,DUO858287,20251223,338125.595,338125.595,0,659414.9,659414.9,0,0,0,0,999098.495,999098.495,0
DUO858287/20251224,DUO858287,20251224,338125.595,338125.595,0,662954.7,662954.7,0,0,0,0,1002695.535,1002695.535,0
DUO858287/20251225,DUO858287,20251225,338125.595,338125.595,0,662954.7,662954.7,0,0,0,0,1002695.535,1002695.535,0
DUO858287/20251226,DUO858287,20251226,338125.595,338125.595,0,659424.7,659424.7,0,0,0,0,999222.775,999222.775,0
DUO858287/20251229,DUO858287,20251229,338125.595,338125.595,0,655022.9,655022.9,0,0,0,0,994906.835,994906.835,0
DUO858287/20251230,DUO858287,20251230,338125.595,338125.595,0,644686.6,644686.6,0,0,0,0,984570.535,984570.535,0
DUO858287/20251231,DUO858287,20251231,338125.595,338125.595,0,636393.2,636393.2,0,0,0,0,976334.375,976334.375,0
DUO858287/20260101,DUO858287,20260101,338125.595,338125.595,0,636393.2,636393.2,0,0,0,0,976334.375,976334.375,0
DUO858287/20260102,DUO858287,20260102,338125.595,338125.595,0,640899,640899,0,0,0,0,980868.795,980868.795,0
DUO858287/20260105,DUO858287,20260105,338125.595,338125.595,0,673523.4,673523.4,0,0,0,0,1013607.675,1013607.675,0
DUO858287/20260106,DUO858287,20260106,339969.795,339969.795,0,689922.8,689922.8,0,0,0,0,1030007.075,1030007.075,0
DUO858287/20260107,DUO858287,20260107,339969.795,339969.795,0,698207.7,698207.7,0,0,0,0,1038349.375,1038349.375,0
DUO858287/20260108,DUO858287,20260108,339969.795,339969.795,0,693446,693446,0,0,0,0,1033587.675,1033587.675,0
DUO858287/20260109,DUO858287,20260109,339969.795,339969.795,0,690288.7,690288.7,0,0,0,0,1030487.935,1030487.935,0
DUO858223/20251212,DUO858223,20251212,944513,944513,0,55656,55656,0,0,0,0,1001079.11,1001079.11,0
DUO858223/20251215,DUO858223,20251215,1054738.967,1054738.967,0,-54822,0,-54822,0,0,0,1001071.607,1055893.607,-54822
DUO858223/20251216,DUO858223,20251216,1054738.967,1054738.967,0,-54922,0,-54922,0,0,0,1001057.957,1055979.957,-54922
DUO858223/20251217,DUO858223,20251217,1054738.967,1054738.967,0,-54368,0,-54368,0,0,0,1001698.197,1056066.197,-54368
DUO858223/20251218,DUO858223,20251218,1000249.967,1000249.967,0,0,0,0,0,0,0,1001663.417,1001663.417,0
DUO858223/20251219,DUO858223,20251219,1000249.967,1000249.967,0,0,0,0,0,0,0,1001749.687,1001749.687,0
DUO858223/20251222,DUO858223,20251222,523769.4834,523769.4834,0,476275.89,547145.89,-70870,0,0,0,1001804.203,1072674.203,-70870
DUO858223/20251223,DUO858223,20251223,451823.1004,451823.1004,0,550568.11,708723.11,-158155,0,0,0,1004236.41,1162391.41,-158155
DUO858223/20251224,DUO858223,20251224,81663.10731,81663.10731,0,921181.73,921181.73,0,0,0,0,1004690.037,1004690.037,0
DUO858223/20251225,DUO858223,20251225,81663.10731,81663.10731,0,921181.73,921181.73,0,0,0,0,1004690.037,1004690.037,0
DUO858223/20251226,DUO858223,20251226,86291.85731,86291.85731,0,922806.44,922806.44,0,0,0,0,1011028.887,1011028.887,0
DUO858223/20251229,DUO858223,20251229,81514.35731,81514.35731,0,919135.17,919135.17,0,0,0,0,1002580.117,1002580.117,0
DUO858223/20251230,DUO858223,20251230,422282.5627,422282.5627,0,584344.04,745813.04,-161469,-4417.1,0,-4417.1,1004140.093,1170026.193,-165886.1
DUO858223/20251231,DUO858223,20251231,1062070.066,1062070.066,0,-58664.3,296994.2,-355658.5,-4625,0,-4625,1000711.356,1360994.856,-360283.5
DUO858223/20260101,DUO858223,20260101,1062070.066,1062070.066,0,-58664.3,296994.2,-355658.5,-4625,0,-4625,1000711.356,1360994.856,-360283.5
DUO858223/20260102,DUO858223,20260102,1062236.316,1062236.316,0,-60875.2,298569.4,-359444.6,-3900,0,-3900,999444.7962,1362789.396,-363344.6
DUO858223/20260105,DUO858223,20260105,1067206.316,1067206.316,0,-70121.3,297478.4,-367599.7,-2865,0,-2865,996400.9962,1366865.696,-370464.7
DUO858223/20260106,DUO858223,20260106,1070712.496,1070712.496,0,-64691.6,300473.6,-365165.2,-3425,0,-3425,1002914.066,1371504.266,-368590.2
DUO858223/20260107,DUO858223,20260107,830143.2962,830143.2962,0,175614.8,374231.6,-198616.8,-1580,0,-1580,1004554.316,1204751.116,-200196.8
DUO858223/20260108,DUO858223,20260108,827410.7962,827410.7962,0,163038.8,367228.1,-204189.3,-905,0,-905,989977.8362,1195072.136,-205094.3
DUO858223/20260109,DUO858223,20260109,864910.2633,864910.2633,0,156194.7,366465.4,-210270.7,-43223,0,-43223,978366.1433,1231859.843,-253493.7
DUO858340/20251212,DUO858340,20251212,1000000,1000000,0,0,0,0,0,0,0,1000925.42,1000925.42,0
DUO858340/20251215,DUO858340,20251215,1000000,1000000,0,0,0,0,0,0,0,1001184.47,1001184.47,0
DUO858340/20251216,DUO858340,20251216,1000000,1000000,0,0,0,0,0,0,0,1001270.82,1001270.82,0
DUO858340/20251217,DUO858340,20251217,1000000,1000000,0,0,0,0,0,0,0,1001357.17,1001357.17,0
DUO858340/20251218,DUO858340,20251218,1000000,1000000,0,0,0,0,0,0,0,1001443.52,1001443.52,0
DUO858340/20251219,DUO858340,20251219,1000000,1000000,0,0,0,0,0,0,0,1001529.87,1001529.87,0
DUO858340/20251222,DUO858340,20251222,1000000,1000000,0,0,0,0,0,0,0,1001788.92,1001788.92,0
DUO858340/20251223,DUO858340,20251223,1000000,1000000,0,0,0,0,0,0,0,1001875.27,1001875.27,0
DUO858340/20251224,DUO858340,20251224,1000000,1000000,0,0,0,0,0,0,0,1001961.62,1001961.62,0
DUO858340/20251225,DUO858340,20251225,1000000,1000000,0,0,0,0,0,0,0,1001961.62,1001961.62,0
DUO858340/20251226,DUO858340,20251226,1000000,1000000,0,0,0,0,0,0,0,1002134.32,1002134.32,0
DUO858340/20251229,DUO858340,20251229,1000000,1000000,0,0,0,0,0,0,0,1002393.37,1002393.37,0
DUO858340/20251230,DUO858340,20251230,1000000,1000000,0,0,0,0,0,0,0,1002479.72,1002479.72,0
DUO858340/20251231,DUO858340,20251231,1000000,1000000,0,0,0,0,0,0,0,1002566.07,1002566.07,0
DUO858340/20260101,DUO858340,20260101,1000000,1000000,0,0,0,0,0,0,0,1002566.07,1002566.07,0
DUO858340/20260102,DUO858340,20260102,1000000,1000000,0,0,0,0,0,0,0,1002738.77,1002738.77,0
DUO858340/20260105,DUO858340,20260105,1000000,1000000,0,0,0,0,0,0,0,1002997.82,1002997.82,0
DUO858340/20260106,DUO858340,20260106,1002652.42,1002652.42,0,0,0,0,0,0,0,1003084.17,1003084.17,0
DUO858340/20260107,DUO858340,20260107,1002652.42,1002652.42,0,0,0,0,0,0,0,1003170.75,1003170.75,0
DUO858340/20260108,DUO858340,20260108,1002652.42,1002652.42,0,0,0,0,0,0,0,1003257.33,1003257.33,0
DUO858340/20260109,DUO858340,20260109,1002652.42,1002652.42,0,0,0,0,0,0,0,1003343.91,1003343.91,0
DUO858153/20251212,DUO858153,20251212,1000000,1000000,0,0,0,0,0,0,0,1000925.42,1000925.42,0
DUO858153/20251215,DUO858153,20251215,1000000,1000000,0,0,0,0,0,0,0,1001184.47,1001184.47,0
DUO858153/20251216,DUO858153,20251216,1000000,1000000,0,0,0,0,0,0,0,1001270.82,1001270.82,0
DUO858153/20251217,DUO858153,20251217,1000000,1000000,0,0,0,0,0,0,0,1001357.17,1001357.17,0
DUO858153/20251218,DUO858153,20251218,1000000,1000000,0,0,0,0,0,0,0,1001443.52,1001443.52,0
DUO858153/20251219,DUO858153,20251219,1000000,1000000,0,0,0,0,0,0,0,1001529.87,1001529.87,0
DUO858153/20251222,DUO858153,20251222,1000000,1000000,0,0,0,0,0,0,0,1001788.92,1001788.92,0
DUO858153/20251223,DUO858153,20251223,1000000,1000000,0,0,0,0,0,0,0,1001875.27,1001875.27,0
DUO858153/20251224,DUO858153,20251224,1000000,1000000,0,0,0,0,0,0,0,1001961.62,1001961.62,0
DUO858153/20251225,DUO858153,20251225,1000000,1000000,0,0,0,0,0,0,0,1001961.62,1001961.62,0
DUO858153/20251226,DUO858153,20251226,1000000,1000000,0,0,0,0,0,0,0,1002134.32,1002134.32,0
DUO858153/20251229,DUO858153,20251229,1000000,1000000,0,0,0,0,0,0,0,1002393.37,1002393.37,0
DUO858153/20251230,DUO858153,20251230,1000000,1000000,0,0,0,0,0,0,0,1002479.72,1002479.72,0
DUO858153/20251231,DUO858153,20251231,1000000,1000000,0,0,0,0,0,0,0,1002566.07,1002566.07,0
DUO858153/20260101,DUO858153,20260101,1000000,1000000,0,0,0,0,0,0,0,1002566.07,1002566.07,0
DUO858153/20260102,DUO858153,20260102,1000000,1000000,0,0,0,0,0,0,0,1002738.77,1002738.77,0
DUO858153/20260105,DUO858153,20260105,1000000,1000000,0,0,0,0,0,0,0,1002997.82,1002997.82,0
DUO858153/20260106,DUO858153,20260106,1002652.42,1002652.42,0,0,0,0,0,0,0,1003084.17,1003084.17,0
DUO858153/20260107,DUO858153,20260107,1002652.42,1002652.42,0,0,0,0,0,0,0,1003170.75,1003170.75,0
DUO858153/20260108,DUO858153,20260108,1002652.42,1002652.42,0,0,0,0,0,0,0,1003257.33,1003257.33,0
DUO858153/20260109,DUO858153,20260109,1002652.42,1002652.42,0,0,0,0,0,0,0,1003343.91,1003343.91,0
DUO858325/20251212,DUO858325,20251212,1000000,1000000,0,0,0,0,0,0,0,1000925.42,1000925.42,0
DUO858325/20251215,DUO858325,20251215,1000000,1000000,0,0,0,0,0,0,0,1001184.47,1001184.47,0
DUO858325/20251216,DUO858325,20251216,1000000,1000000,0,0,0,0,0,0,0,1001270.82,1001270.82,0
DUO858325/20251217,DUO858325,20251217,1000000,1000000,0,0,0,0,0,0,0,1001357.17,1001357.17,0
DUO858325/20251218,DUO858325,20251218,1000000,1000000,0,0,0,0,0,0,0,1001443.52,1001443.52,0
DUO858325/20251219,DUO858325,20251219,1000000,1000000,0,0,0,0,0,0,0,1001529.87,1001529.87,0
DUO858325/20251222,DUO858325,20251222,1000000,1000000,0,0,0,0,0,0,0,1001788.92,1001788.92,0
DUO858325/20251223,DUO858325,20251223,1000000,1000000,0,0,0,0,0,0,0,1001875.27,1001875.27,0
DUO858325/20251224,DUO858325,20251224,1000000,1000000,0,0,0,0,0,0,0,1001961.62,1001961.62,0
DUO858325/20251225,DUO858325,20251225,1000000,1000000,0,0,0,0,0,0,0,1001961.62,1001961.62,0
DUO858325/20251226,DUO858325,20251226,1000000,1000000,0,0,0,0,0,0,0,1002134.32,1002134.32,0
DUO858325/20251229,DUO858325,20251229,1000000,1000000,0,0,0,0,0,0,0,1002393.37,1002393.37,0
DUO858325/20251230,DUO858325,20251230,1000000,1000000,0,0,0,0,0,0,0,1002479.72,1002479.72,0
DUO858325/20251231,DUO858325,20251231,1000000,1000000,0,0,0,0,0,0,0,1002566.07,1002566.07,0
DUO858325/20260101,DUO858325,20260101,1000000,1000000,0,0,0,0,0,0,0,1002566.07,1002566.07,0
DUO858325/20260102,DUO858325,20260102,1000000,1000000,0,0,0,0,0,0,0,1002738.77,1002738.77,0
DUO858325/20260105,DUO858325,20260105,1000000,1000000,0,0,0,0,0,0,0,1002997.82,1002997.82,0
DUO858325/20260106,DUO858325,20260106,1002652.42,1002652.42,0,0,0,0,0,0,0,1003084.17,1003084.17,0
DUO858325/20260107,DUO858325,20260107,1002652.42,1002652.42,0,0,0,0,0,0,0,1003170.75,1003170.75,0
DUO858325/20260108,DUO858325,20260108,1002652.42,1002652.42,0,0,0,0,0,0,0,1003257.33,1003257.33,0
DUO858325/20260109,DUO858325,20260109,1002652.42,1002652.42,0,0,0,0,0,0,0,1003343.91,1003343.91,0
DUO859247/20251212,DUO859247,20251212,1000000,1000000,0,0,0,0,0,0,0,1000925.42,1000925.42,0
DUO859247/20251215,DUO859247,20251215,1000000,1000000,0,0,0,0,0,0,0,1001184.47,1001184.47,0
DUO859247/20251216,DUO859247,20251216,1000000,1000000,0,0,0,0,0,0,0,1001270.82,1001270.82,0
DUO859247/20251217,DUO859247,20251217,1000000,1000000,0,0,0,0,0,0,0,1001357.17,1001357.17,0
DUO859247/20251218,DUO859247,20251218,1000000,1000000,0,0,0,0,0,0,0,1001443.52,1001443.52,0
DUO859247/20251219,DUO859247,20251219,1000000,1000000,0,0,0,0,0,0,0,1001529.87,1001529.87,0
DUO859247/20251222,DUO859247,20251222,1000000,1000000,0,0,0,0,0,0,0,1001788.92,1001788.92,0
DUO859247/20251223,DUO859247,20251223,1000000,1000000,0,0,0,0,0,0,0,1001875.27,1001875.27,0
DUO859247/20251224,DUO859247,20251224,1000000,1000000,0,0,0,0,0,0,0,1001961.62,1001961.62,0
DUO859247/20251225,DUO859247,20251225,1000000,1000000,0,0,0,0,0,0,0,1001961.62,1001961.62,0
DUO859247/20251226,DUO859247,20251226,1000000,1000000,0,0,0,0,0,0,0,1002134.32,1002134.32,0
DUO859247/20251229,DUO859247,20251229,1000000,1000000,0,0,0,0,0,0,0,1002393.37,1002393.37,0
DUO859247/20251230,DUO859247,20251230,1000000,1000000,0,0,0,0,0,0,0,1002479.72,1002479.72,0
DUO859247/20251231,DUO859247,20251231,1000000,1000000,0,0,0,0,0,0,0,1002566.07,1002566.07,0
DUO859247/20260101,DUO859247,20260101,1000000,1000000,0,0,0,0,0,0,0,1002566.07,1002566.07,0
DUO859247/20260102,DUO859247,20260102,1000000,1000000,0,0,0,0,0,0,0,1002738.77,1002738.77,0
DUO859247/20260105,DUO859247,20260105,1000000,1000000,0,0,0,0,0,0,0,1002997.82,1002997.82,0
DUO859247/20260106,DUO859247,20260106,1002652.42,1002652.42,0,0,0,0,0,0,0,1003084.17,1003084.17,0
DUO859247/20260107,DUO859247,20260107,1002652.42,1002652.42,0,0,0,0,0,0,0,1003170.75,1003170.75,0
DUO859247/20260108,DUO859247,20260108,1002652.42,1002652.42,0,0,0,0,0,0,0,1003257.33,1003257.33,0
DUO859247/20260109,DUO859247,20260109,1002652.42,1002652.42,0,0,0,0,0,0,0,1003343.91,1003343.91,0
DUO858779/20251212,DUO858779,20251212,749996.0643,749996.0643,0,245532.45,245532.45,0,0,0,0,996453.9343,996453.9343,0
DUO858779/20251215,DUO858779,20251215,1243512.056,1243512.056,0,-244583.59,0,-244583.59,0,0,0,1000047.506,1244631.096,-244583.59
DUO858779/20251216,DUO858779,20251216,1243512.056,1243512.056,0,-243326.36,0,-243326.36,0,0,0,1001391.086,1244717.446,-243326.36
DUO858779/20251217,DUO858779,20251217,999948.9301,999948.9301,0,0,0,0,0,0,0,1001240.14,1001240.14,0
DUO858779/20251218,DUO858779,20251218,999948.9301,999948.9301,0,0,0,0,0,0,0,1001326.09,1001326.09,0
DUO858779/20251219,DUO858779,20251219,999948.9301,999948.9301,0,0,0,0,0,0,0,1001412.44,1001412.44,0
DUO858779/20251222,DUO858779,20251222,999948.9301,999948.9301,0,0,0,0,0,0,0,1001671.49,1001671.49,0
DUO858779/20251223,DUO858779,20251223,999948.9301,999948.9301,0,0,0,0,0,0,0,1001757.84,1001757.84,0
DUO858779/20251224,DUO858779,20251224,999948.9301,999948.9301,0,0,0,0,0,0,0,1001844.19,1001844.19,0
DUO858779/20251225,DUO858779,20251225,999948.9301,999948.9301,0,0,0,0,0,0,0,1001844.19,1001844.19,0
DUO858779/20251226,DUO858779,20251226,999948.9301,999948.9301,0,0,0,0,0,0,0,1002016.89,1002016.89,0
DUO858779/20251229,DUO858779,20251229,999948.9301,999948.9301,0,0,0,0,0,0,0,1002275.94,1002275.94,0
DUO858779/20251230,DUO858779,20251230,999948.9301,999948.9301,0,0,0,0,0,0,0,1002362.29,1002362.29,0
DUO858779/20251231,DUO858779,20251231,999948.9301,999948.9301,0,0,0,0,0,0,0,1002448.64,1002448.64,0
DUO858779/20260101,DUO858779,20260101,999948.9301,999948.9301,0,0,0,0,0,0,0,1002448.64,1002448.64,0
DUO858779/20260102,DUO858779,20260102,999948.9301,999948.9301,0,0,0,0,0,0,0,1002637.65,1002637.65,0
DUO858779/20260105,DUO858779,20260105,999948.9301,999948.9301,0,0,0,0,0,0,0,1002896.7,1002896.7,0
DUO858779/20260106,DUO858779,20260106,1002551.3,1002551.3,0,0,0,0,0,0,0,1002983.05,1002983.05,0
DUO858779/20260107,DUO858779,20260107,1002551.3,1002551.3,0,0,0,0,0,0,0,1003069.62,1003069.62,0
DUO858779/20260108,DUO858779,20260108,-80237.78487,0,-80237.78487,1102070.06,1102070.06,0,0,0,0,1022437.165,1102674.95,-80237.78487
DUO858779/20260109,DUO858779,20260109,-80237.78487,0,-80237.78487,1089192.18,1089192.18,0,0,0,0,1009645.855,1089883.64,-80237.78487
DUO858355/20251212,DUO858355,20251212,1000000,1000000,0,0,0,0,0,0,0,1000925.42,1000925.42,0
DUO858355/20251215,DUO858355,20251215,1000000,1000000,0,0,0,0,0,0,0,1001184.47,1001184.47,0
DUO858355/20251216,DUO858355,20251216,1000000,1000000,0,0,0,0,0,0,0,1001270.82,1001270.82,0
DUO858355/20251217,DUO858355,20251217,1000000,1000000,0,0,0,0,0,0,0,1001357.17,1001357.17,0
DUO858355/20251218,DUO858355,20251218,1000000,1000000,0,0,0,0,0,0,0,1001443.52,1001443.52,0
DUO858355/20251219,DUO858355,20251219,1000000,1000000,0,0,0,0,0,0,0,1001529.87,1001529.87,0
DUO858355/20251222,DUO858355,20251222,1000000,1000000,0,0,0,0,0,0,0,1001788.92,1001788.92,0
DUO858355/20251223,DUO858355,20251223,1000000,1000000,0,0,0,0,0,0,0,1001875.27,1001875.27,0
DUO858355/20251224,DUO858355,20251224,1000000,1000000,0,0,0,0,0,0,0,1001961.62,1001961.62,0
DUO858355/20251225,DUO858355,20251225,1000000,1000000,0,0,0,0,0,0,0,1001961.62,1001961.62,0
DUO858355/20251226,DUO858355,20251226,1000000,1000000,0,0,0,0,0,0,0,1002134.32,1002134.32,0
DUO858355/20251229,DUO858355,20251229,1000000,1000000,0,0,0,0,0,0,0,1002393.37,1002393.37,0
DUO858355/20251230,DUO858355,20251230,1000000,1000000,0,0,0,0,0,0,0,1002479.72,1002479.72,0
DUO858355/20251231,DUO858355,20251231,1000000,1000000,0,0,0,0,0,0,0,1002566.07,1002566.07,0
DUO858355/20260101,DUO858355,20260101,1000000,1000000,0,0,0,0,0,0,0,1002566.07,1002566.07,0
DUO858355/20260102,DUO858355,20260102,1000000,1000000,0,0,0,0,0,0,0,1002738.77,1002738.77,0
DUO858355/20260105,DUO858355,20260105,1000000,1000000,0,0,0,0,0,0,0,1002997.82,1002997.82,0
DUO858355/20260106,DUO858355,20260106,1002652.42,1002652.42,0,0,0,0,0,0,0,1003084.17,1003084.17,0
DUO858355/20260107,DUO858355,20260107,1002652.42,1002652.42,0,0,0,0,0,0,0,1003170.75,1003170.75,0
DUO858355/20260108,DUO858355,20260108,1002652.42,1002652.42,0,0,0,0,0,0,0,1003257.33,1003257.33,0
DUO858355/20260109,DUO858355,20260109,1002652.42,1002652.42,0,0,0,0,0,0,0,1003343.91,1003343.91,0
DUO859347/20251212,DUO859347,20251212,1000000,1000000,0,0,0,0,0,0,0,1000925.42,1000925.42,0
DUO859347/20251215,DUO859347,20251215,1000000,1000000,0,0,0,0,0,0,0,1001184.47,1001184.47,0
DUO859347/20251216,DUO859347,20251216,1000000,1000000,0,0,0,0,0,0,0,1001270.82,1001270.82,0
DUO859347/20251217,DUO859347,20251217,1000000,1000000,0,0,0,0,0,0,0,1001357.17,1001357.17,0
DUO859347/20251218,DUO859347,20251218,1000000,1000000,0,0,0,0,0,0,0,1001443.52,1001443.52,0
DUO859347/20251219,DUO859347,20251219,1000000,1000000,0,0,0,0,0,0,0,1001529.87,1001529.87,0
DUO859347/20251222,DUO859347,20251222,1000000,1000000,0,0,0,0,0,0,0,1001788.92,1001788.92,0
DUO859347/20251223,DUO859347,20251223,1000000,1000000,0,0,0,0,0,0,0,1001875.27,1001875.27,0
DUO859347/20251224,DUO859347,20251224,1000000,1000000,0,0,0,0,0,0,0,1001961.62,1001961.62,0
DUO859347/20251225,DUO859347,20251225,1000000,1000000,0,0,0,0,0,0,0,1001961.62,1001961.62,0
DUO859347/20251226,DUO859347,20251226,1000000,1000000,0,0,0,0,0,0,0,1002134.32,1002134.32,0
DUO859347/20251229,DUO859347,20251229,1000000,1000000,0,0,0,0,0,0,0,1002393.37,1002393.37,0
DUO859347/20251230,DUO859347,20251230,1000000,1000000,0,0,0,0,0,0,0,1002479.72,1002479.72,0
DUO859347/20251231,DUO859347,20251231,1000000,1000000,0,0,0,0,0,0,0,1002566.07,1002566.07,0
DUO859347/20260101,DUO859347,20260101,1000000,1000000,0,0,0,0,0,0,0,1002566.07,1002566.07,0
DUO859347/20260102,DUO859347,20260102,1000000,1000000,0,0,0,0,0,0,0,1002738.77,1002738.77,0
DUO859347/20260105,DUO859347,20260105,1000000,1000000,0,0,0,0,0,0,0,1002997.82,1002997.82,0
DUO859347/20260106,DUO859347,20260106,1002652.42,1002652.42,0,0,0,0,0,0,0,1003084.17,1003084.17,0
DUO859347/20260107,DUO859347,20260107,1002652.42,1002652.42,0,0,0,0,0,0,0,1003170.75,1003170.75,0
DUO859347/20260108,DUO859347,20260108,1002652.42,1002652.42,0,0,0,0,0,0,0,1003257.33,1003257.33,0
DUO859347/20260109,DUO859347,20260109,1002652.42,1002652.42,0,0,0,0,0,0,0,1003343.91,1003343.91,0
DUO858573/20251212,DUO858573,20251212,1000000,1000000,0,0,0,0,0,0,0,1000925.42,1000925.42,0
DUO858573/20251215,DUO858573,20251215,1000000,1000000,0,0,0,0,0,0,0,1001184.47,1001184.47,0
DUO858573/20251216,DUO858573,20251216,1000000,1000000,0,0,0,0,0,0,0,1001270.82,1001270.82,0
DUO858573/20251217,DUO858573,20251217,1000000,1000000,0,0,0,0,0,0,0,1001357.17,1001357.17,0
DUO858573/20251218,DUO858573,20251218,1000000,1000000,0,0,0,0,0,0,0,1001443.52,1001443.52,0
DUO858573/20251219,DUO858573,20251219,1000000,1000000,0,0,0,0,0,0,0,1001529.87,1001529.87,0
DUO858573/20251222,DUO858573,20251222,1000000,1000000,0,0,0,0,0,0,0,1001788.92,1001788.92,0
DUO858573/20251223,DUO858573,20251223,1000000,1000000,0,0,0,0,0,0,0,1001875.27,1001875.27,0
DUO858573/20251224,DUO858573,20251224,1000000,1000000,0,0,0,0,0,0,0,1001961.62,1001961.62,0
DUO858573/20251225,DUO858573,20251225,1000000,1000000,0,0,0,0,0,0,0,1001961.62,1001961.62,0
DUO858573/20251226,DUO858573,20251226,1000000,1000000,0,0,0,0,0,0,0,1002134.32,1002134.32,0
DUO858573/20251229,DUO858573,20251229,1000000,1000000,0,0,0,0,0,0,0,1002393.37,1002393.37,0
DUO858573/20251230,DUO858573,20251230,1000000,1000000,0,0,0,0,0,0,0,1002479.72,1002479.72,0
DUO858573/20251231,DUO858573,20251231,1000000,1000000,0,0,0,0,0,0,0,1002566.07,1002566.07,0
DUO858573/20260101,DUO858573,20260101,1000000,1000000,0,0,0,0,0,0,0,1002566.07,1002566.07,0
DUO858573/20260102,DUO858573,20260102,1000000,1000000,0,0,0,0,0,0,0,1002738.77,1002738.77,0
DUO858573/20260105,DUO858573,20260105,1000000,1000000,0,0,0,0,0,0,0,1002997.82,1002997.82,0
DUO858573/20260106,DUO858573,20260106,1002652.42,1002652.42,0,0,0,0,0,0,0,1003084.17,1003084.17,0
DUO858573/20260107,DUO858573,20260107,1002652.42,1002652.42,0,0,0,0,0,0,0,1003170.75,1003170.75,0
DUO858573/20260108,DUO858573,20260108,1002652.42,1002652.42,0,0,0,0,0,0,0,1003257.33,1003257.33,0
DUO858573/20260109,DUO858573,20260109,1002652.42,1002652.42,0,0,0,0,0,0,0,1003343.91,1003343.91,0
DUO858786/20251212,DUO858786,20251212,16316.4736,16316.4736,0,955568,955568,0,3725,3725,0,976409.4836,976409.4836,0
DUO858786/20251215,DUO858786,20251215,1632028.043,1632028.043,0,-631681.7,0,-631681.7,0,0,0,1001146.353,1632828.053,-631681.7
DUO858786/20251216,DUO858786,20251216,1632028.043,1632028.043,0,-626198.3,0,-626198.3,0,0,0,1006718.583,1632916.883,-626198.3
DUO858786/20251217,DUO858786,20251217,534306.1227,534306.1227,0,461213,461213,0,0,0,0,996492.7927,996492.7927,0
DUO858786/20251218,DUO858786,20251218,534306.1227,534306.1227,0,461608,461608,0,0,0,0,997023.2727,997023.2727,0
DUO858786/20251219,DUO858786,20251219,489216.1227,489216.1227,0,511983,511983,0,0,0,0,1002308.273,1002308.273,0
DUO858786/20251222,DUO858786,20251222,404031.7127,404031.7127,0,599037.5,599037.5,0,0,0,0,1004361.283,1004361.283,0
DUO858786/20251223,DUO858786,20251223,404031.7127,404031.7127,0,601647,601647,0,0,0,0,1006970.783,1006970.783,0
DUO858786/20251224,DUO858786,20251224,404031.7127,404031.7127,0,606941,606941,0,0,0,0,1012341.033,1012341.033,0
DUO858786/20251225,DUO858786,20251225,404031.7127,404031.7127,0,606941,606941,0,0,0,0,1012341.033,1012341.033,0
DUO858786/20251226,DUO858786,20251226,404031.7127,404031.7127,0,602902.5,602902.5,0,0,0,0,1008371.273,1008371.273,0
DUO858786/20251229,DUO858786,20251229,404031.7127,404031.7127,0,596851.5,596851.5,0,0,0,0,1002423.383,1002423.383,0
DUO858786/20251230,DUO858786,20251230,541857.6795,541857.6795,0,455266.5,455266.5,0,0,0,0,998664.3495,998664.3495,0
DUO858786/20251231,DUO858786,20251231,541857.6795,541857.6795,0,454575,454575,0,0,0,0,998041.5895,998041.5895,0
DUO858786/20260101,DUO858786,20260101,541857.6795,541857.6795,0,454575,454575,0,0,0,0,998041.5895,998041.5895,0
DUO858786/20260102,DUO858786,20260102,541857.6795,541857.6795,0,455074,455074,0,0,0,0,998586.9795,998586.9795,0
DUO858786/20260105,DUO858786,20260105,440312.8045,440312.8045,0,453021,453021,0,66250,66250,0,961424.6645,961424.6645,0
DUO858786/20260106,DUO858786,20260106,441968.1045,441968.1045,0,452094.5,452094.5,0,59846,59846,0,954094.1645,954094.1645,0
DUO858786/20260107,DUO858786,20260107,398198.1045,398198.1045,0,502664,502664,0,92619,92619,0,993750.7345,993750.7345,0
DUO858786/20260108,DUO858786,20260108,398198.1045,398198.1045,0,497296,497296,0,96500,96500,0,992263.7345,992263.7345,0
DUO858786/20260109,DUO858786,20260109,398198.1045,398198.1045,0,501163.5,501163.5,0,66480,66480,0,966182.7745,966182.7745,0
DUO858245/20251212,DUO858245,20251212,1000000,1000000,0,0,0,0,0,0,0,1000925.42,1000925.42,0
DUO858245/20251215,DUO858245,20251215,1000000,1000000,0,0,0,0,0,0,0,1001184.47,1001184.47,0
DUO858245/20251216,DUO858245,20251216,1000000,1000000,0,0,0,0,0,0,0,1001270.82,1001270.82,0
DUO858245/20251217,DUO858245,20251217,1000000,1000000,0,0,0,0,0,0,0,1001357.17,1001357.17,0
DUO858245/20251218,DUO858245,20251218,1000000,1000000,0,0,0,0,0,0,0,1001443.52,1001443.52,0
DUO858245/20251219,DUO858245,20251219,1000000.398,1000000.398,0,0,0,0,0,0,0,1001530.268,1001530.268,0
DUO858245/20251222,DUO858245,20251222,1000000.398,1000000.398,0,0,0,0,0,0,0,1001789.318,1001789.318,0
DUO858245/20251223,DUO858245,20251223,1000000.398,1000000.398,0,0,0,0,0,0,0,1001875.668,1001875.668,0
DUO858245/20251224,DUO858245,20251224,1000000.398,1000000.398,0,0,0,0,0,0,0,1001962.018,1001962.018,0
DUO858245/20251225,DUO858245,20251225,1000000.398,1000000.398,0,0,0,0,0,0,0,1001962.018,1001962.018,0
DUO858245/20251226,DUO858245,20251226,1000000.398,1000000.398,0,0,0,0,0,0,0,1002134.718,1002134.718,0
DUO858245/20251229,DUO858245,20251229,1000000.398,1000000.398,0,0,0,0,0,0,0,1002393.768,1002393.768,0
DUO858245/20251230,DUO858245,20251230,1000000.398,1000000.398,0,0,0,0,0,0,0,1002480.118,1002480.118,0
DUO858245/20251231,DUO858245,20251231,999447.7359,999447.7359,0,574.84,64994.84,-64420,502.28,502.28,0,1003090.926,1067510.926,-64420
DUO858245/20260101,DUO858245,20260101,999447.7359,999447.7359,0,574.84,64994.84,-64420,502.28,502.28,0,1003090.926,1067510.926,-64420
DUO858245/20260102,DUO858245,20260102,986447.7359,986447.7359,0,12717.92,65317.92,-52600,0,0,0,1001904.426,1054504.426,-52600
DUO858245/20260105,DUO858245,20260105,886333.8609,886333.8609,0,112556.24,167820.24,-55264,0,0,0,1001870.521,1057134.521,-55264
DUO858245/20260106,DUO858245,20260106,888986.2809,888986.2809,0,111236.97,170204.97,-58968,0,0,0,1000631.671,1059599.671,-58968
DUO858245/20260107,DUO858245,20260107,888986.2809,888986.2809,0,111098.17,167866.17,-56768,0,0,0,1000564.581,1057332.581,-56768
DUO858245/20260108,DUO858245,20260108,888986.2809,888986.2809,0,112922.71,168690.71,-55768,0,0,0,1002460.481,1058228.481,-55768
DUO858245/20260109,DUO858245,20260109,888986.2809,888986.2809,0,113740.73,171644.73,-57904,0,0,0,1003350.071,1061254.071,-57904
DUO858332/20251212,DUO858332,20251212,1000000,1000000,0,0,0,0,0,0,0,1000925.42,1000925.42,0
DUO858332/20251215,DUO858332,20251215,1000000,1000000,0,0,0,0,0,0,0,1001184.47,1001184.47,0
DUO858332/20251216,DUO858332,20251216,1000000,1000000,0,0,0,0,0,0,0,1001270.82,1001270.82,0
DUO858332/20251217,DUO858332,20251217,1000000,1000000,0,0,0,0,0,0,0,1001357.17,1001357.17,0
DUO858332/20251218,DUO858332,20251218,1000000,1000000,0,0,0,0,0,0,0,1001443.52,1001443.52,0
DUO858332/20251219,DUO858332,20251219,1000000,1000000,0,0,0,0,0,0,0,1001529.87,1001529.87,0
DUO858332/20251222,DUO858332,20251222,1000000,1000000,0,0,0,0,0,0,0,1001788.92,1001788.92,0
DUO858332/20251223,DUO858332,20251223,1000000,1000000,0,0,0,0,0,0,0,1001875.27,1001875.27,0
DUO858332/20251224,DUO858332,20251224,1000000,1000000,0,0,0,0,0,0,0,1001961.62,1001961.62,0
DUO858332/20251225,DUO858332,20251225,1000000,1000000,0,0,0,0,0,0,0,1001961.62,1001961.62,0
DUO858332/20251226,DUO858332,20251226,613452,613452,0,386338,386338,0,0,0,0,1001924.32,1001924.32,0
DUO858332/20251229,DUO858332,20251229,241402.5,241402.5,0,755053,755053,0,0,0,0,998848.87,998848.87,0
DUO858332/20251230,DUO858332,20251230,213679.9834,213679.9834,0,779225,779225,0,0,0,0,995350.9834,995350.9834,0
DUO858332/20251231,DUO858332,20251231,29022.4834,29022.4834,0,956469,956469,0,0,0,0,987937.4834,987937.4834,0
DUO858332/20260101,DUO858332,20260101,29022.4834,29022.4834,0,956469,956469,0,0,0,0,987937.4834,987937.4834,0
DUO858332/20260102,DUO858332,20260102,11145.4834,11145.4834,0,989496,989496,0,0,0,0,1003125.423,1003125.423,0
DUO858332/20260105,DUO858332,20260105,1019561.616,1019561.616,0,0,0,0,0,0,0,1022045.556,1022045.556,0
DUO858332/20260106,DUO858332,20260106,1022045.556,1022045.556,0,0,0,0,0,0,0,1022045.556,1022045.556,0
DUO858332/20260107,DUO858332,20260107,1022045.556,1022045.556,0,0,0,0,0,0,0,1022156.666,1022156.666,0
DUO858332/20260108,DUO858332,20260108,1022045.556,1022045.556,0,0,0,0,0,0,0,1022244.936,1022244.936,0
DUO858332/20260109,DUO858332,20260109,1022045.556,1022045.556,0,0,0,0,0,0,0,1022333.206,1022333.206,0
DUO858216/20251212,DUO858216,20251212,1000000,1000000,0,0,0,0,0,0,0,1000925.42,1000925.42,0
DUO858216/20251215,DUO858216,20251215,1000000,1000000,0,0,0,0,0,0,0,1001184.47,1001184.47,0
DUO858216/20251216,DUO858216,20251216,1000000,1000000,0,0,0,0,0,0,0,1001270.82,1001270.82,0
DUO858216/20251217,DUO858216,20251217,1000000,1000000,0,0,0,0,0,0,0,1001357.17,1001357.17,0
DUO858216/20251218,DUO858216,20251218,1000000,1000000,0,0,0,0,0,0,0,1001443.52,1001443.52,0
DUO858216/20251219,DUO858216,20251219,1000000,1000000,0,0,0,0,0,0,0,1001529.87,1001529.87,0
DUO858216/20251222,DUO858216,20251222,1000000,1000000,0,0,0,0,0,0,0,1001788.92,1001788.92,0
DUO858216/20251223,DUO858216,20251223,1000000,1000000,0,0,0,0,0,0,0,1001875.27,1001875.27,0
DUO858216/20251224,DUO858216,20251224,1000000,1000000,0,0,0,0,0,0,0,1001961.62,1001961.62,0
DUO858216/20251225,DUO858216,20251225,1000000,1000000,0,0,0,0,0,0,0,1001961.62,1001961.62,0
DUO858216/20251226,DUO858216,20251226,1000000,1000000,0,0,0,0,0,0,0,1002134.32,1002134.32,0
DUO858216/20251229,DUO858216,20251229,1000000,1000000,0,0,0,0,0,0,0,1002393.37,1002393.37,0
DUO858216/20251230,DUO858216,20251230,1000000,1000000,0,0,0,0,0,0,0,1002479.72,1002479.72,0
DUO858216/20251231,DUO858216,20251231,1000000,1000000,0,0,0,0,0,0,0,1002566.07,1002566.07,0
DUO858216/20260101,DUO858216,20260101,1000000,1000000,0,0,0,0,0,0,0,1002566.07,1002566.07,0
DUO858216/20260102,DUO858216,20260102,1000000,1000000,0,0,0,0,0,0,0,1002738.77,1002738.77,0
DUO858216/20260105,DUO858216,20260105,1000000,1000000,0,0,0,0,0,0,0,1002997.82,1002997.82,0
DUO858216/20260106,DUO858216,20260106,1002652.42,1002652.42,0,0,0,0,0,0,0,1003084.17,1003084.17,0
DUO858216/20260107,DUO858216,20260107,1002652.42,1002652.42,0,0,0,0,0,0,0,1003170.75,1003170.75,0
DUO858216/20260108,DUO858216,20260108,1002652.42,1002652.42,0,0,0,0,0,0,0,1003257.33,1003257.33,0
DUO858216/20260109,DUO858216,20260109,952722.925,952722.925,0,50416.21,50416.21,0,0,0,0,1003830.625,1003830.625,0
DUO858311/20251212,DUO858311,20251212,1000000,1000000,0,0,0,0,0,0,0,1000925.42,1000925.42,0
DUO858311/20251215,DUO858311,20251215,1000000,1000000,0,0,0,0,0,0,0,1001184.47,1001184.47,0
DUO858311/20251216,DUO858311,20251216,1000000,1000000,0,0,0,0,0,0,0,1001270.82,1001270.82,0
DUO858311/20251217,DUO858311,20251217,1000000,1000000,0,0,0,0,0,0,0,1001357.17,1001357.17,0
DUO858311/20251218,DUO858311,20251218,1000000,1000000,0,0,0,0,0,0,0,1001443.52,1001443.52,0
DUO858311/20251219,DUO858311,20251219,1000000,1000000,0,0,0,0,0,0,0,1001529.87,1001529.87,0
DUO858311/20251222,DUO858311,20251222,1000000,1000000,0,0,0,0,0,0,0,1001788.92,1001788.92,0
DUO858311/20251223,DUO858311,20251223,1000000,1000000,0,0,0,0,0,0,0,1001875.27,1001875.27,0
DUO858311/20251224,DUO858311,20251224,1000000,1000000,0,0,0,0,0,0,0,1001961.62,1001961.62,0
DUO858311/20251225,DUO858311,20251225,1000000,1000000,0,0,0,0,0,0,0,1001961.62,1001961.62,0
DUO858311/20251226,DUO858311,20251226,1000000,1000000,0,0,0,0,0,0,0,1002134.32,1002134.32,0
DUO858311/20251229,DUO858311,20251229,1000000,1000000,0,0,0,0,0,0,0,1002393.37,1002393.37,0
DUO858311/20251230,DUO858311,20251230,1000000,1000000,0,0,0,0,0,0,0,1002479.72,1002479.72,0
DUO858311/20251231,DUO858311,20251231,1000000,1000000,0,0,0,0,0,0,0,1002566.07,1002566.07,0
DUO858311/20260101,DUO858311,20260101,1000000,1000000,0,0,0,0,0,0,0,1002566.07,1002566.07,0
DUO858311/20260102,DUO858311,20260102,1000000,1000000,0,0,0,0,0,0,0,1002738.77,1002738.77,0
DUO858311/20260105,DUO858311,20260105,1000000,1000000,0,0,0,0,0,0,0,1002997.82,1002997.82,0
DUO858311/20260106,DUO858311,20260106,1002652.42,1002652.42,0,0,0,0,0,0,0,1003084.17,1003084.17,0
DUO858311/20260107,DUO858311,20260107,1002652.42,1002652.42,0,0,0,0,0,0,0,1003170.75,1003170.75,0
DUO858311/20260108,DUO858311,20260108,1002652.42,1002652.42,0,0,0,0,0,0,0,1003257.33,1003257.33,0
DUO858311/20260109,DUO858311,20260109,1002652.42,1002652.42,0,0,0,0,0,0,0,1003343.91,1003343.91,0
DUO858345/20251212,DUO858345,20251212,972279,972279,0,27828,27828,0,0,0,0,1001024.75,1001024.75,0
DUO858345/20251215,DUO858345,20251215,1027320.983,1027320.983,0,-27411,0,-27411,0,0,0,1001079.523,1028490.523,-27411
DUO858345/20251216,DUO858345,20251216,1027320.983,1027320.983,0,-27461,0,-27461,0,0,0,1001115.873,1028576.873,-27461
DUO858345/20251217,DUO858345,20251217,1027320.983,1027320.983,0,-27184,0,-27184,0,0,0,1001479.163,1028663.163,-27184
DUO858345/20251218,DUO858345,20251218,1000058.983,1000058.983,0,0,0,0,0,0,0,1001487.443,1001487.443,0
DUO858345/20251219,DUO858345,20251219,972882.9834,972882.9834,0,27367,27367,0,0,0,0,1001764.753,1001764.753,0
DUO858345/20251222,DUO858345,20251222,824952.4834,824952.4834,0,174265,174265,0,0,0,0,1000991.333,1000991.333,0
DUO858345/20251223,DUO858345,20251223,824952.4834,824952.4834,0,175592,175592,0,0,0,0,1002402.313,1002402.313,0
DUO858345/20251224,DUO858345,20251224,824952.4834,824952.4834,0,176492,176492,0,0,0,0,1003373.393,1003373.393,0
DUO858345/20251225,DUO858345,20251225,824952.4834,824952.4834,0,176492,176492,0,0,0,0,1003373.393,1003373.393,0
DUO858345/20251226,DUO858345,20251226,814462.4834,814462.4834,0,186503,186503,0,0,0,0,1003036.553,1003036.553,0
DUO858345/20251229,DUO858345,20251229,740836.3834,740836.3834,0,260331.2,260331.2,0,0,0,0,1003451.893,1003451.893,0
DUO858345/20251230,DUO858345,20251230,740836.3834,740836.3834,0,260323,260323,0,0,0,0,1003513.863,1003513.863,0
DUO858345/20251231,DUO858345,20251231,740836.3834,740836.3834,0,258863,258863,0,0,0,0,1002117.613,1002117.613,0
DUO858345/20260101,DUO858345,20260101,740836.3834,740836.3834,0,258863,258863,0,0,0,0,1002117.613,1002117.613,0
DUO858345/20260102,DUO858345,20260102,684551.3834,684551.3834,0,315028.6,315028.6,0,0,0,0,1002124.753,1002125.713,-0.96
DUO858345/20260105,DUO858345,20260105,590058.8834,590058.8834,0,408421.6,408421.6,0,0,0,0,1001216.473,1001217.433,-0.96
DUO858345/20260106,DUO858345,20260106,592539.9034,592539.9034,0,404438.6,404438.6,0,0,0,0,997292.3134,997292.3134,0
DUO858345/20260107,DUO858345,20260107,592539.9034,592539.9034,0,403477,403477,0,0,0,0,996381.5234,996381.5234,0
DUO858345/20260108,DUO858345,20260108,464608.5034,464608.5034,0,529392.4,529392.4,0,0,0,0,994416.3334,994416.3334,0
DUO858345/20260109,DUO858345,20260109,464608.5034,464608.5034,0,536108.4,536108.4,0,0,0,0,1001183.143,1001183.143,0
DUO858204/20251212,DUO858204,20251212,1000000,1000000,0,0,0,0,0,0,0,1000925.42,1000925.42,0
DUO858204/20251215,DUO858204,20251215,1000000,1000000,0,0,0,0,0,0,0,1001184.47,1001184.47,0
DUO858204/20251216,DUO858204,20251216,1000000,1000000,0,0,0,0,0,0,0,1001270.82,1001270.82,0
DUO858204/20251217,DUO858204,20251217,1000000,1000000,0,0,0,0,0,0,0,1001357.17,1001357.17,0
DUO858204/20251218,DUO858204,20251218,1000000,1000000,0,0,0,0,0,0,0,1001443.52,1001443.52,0
DUO858204/20251219,DUO858204,20251219,1000000,1000000,0,0,0,0,0,0,0,1001529.87,1001529.87,0
DUO858204/20251222,DUO858204,20251222,1000000,1000000,0,0,0,0,0,0,0,1001788.92,1001788.92,0
DUO858204/20251223,DUO858204,20251223,1000000,1000000,0,0,0,0,0,0,0,1001875.27,1001875.27,0
DUO858204/20251224,DUO858204,20251224,1000000,1000000,0,0,0,0,0,0,0,1001961.62,1001961.62,0
DUO858204/20251225,DUO858204,20251225,1000000,1000000,0,0,0,0,0,0,0,1001961.62,1001961.62,0
DUO858204/20251226,DUO858204,20251226,1000000,1000000,0,0,0,0,0,0,0,1002134.32,1002134.32,0
DUO858204/20251229,DUO858204,20251229,1000000,1000000,0,0,0,0,0,0,0,1002393.37,1002393.37,0
DUO858204/20251230,DUO858204,20251230,1000000,1000000,0,0,0,0,0,0,0,1002479.72,1002479.72,0
DUO858204/20251231,DUO858204,20251231,1000000,1000000,0,0,0,0,0,0,0,1002566.07,1002566.07,0
DUO858204/20260101,DUO858204,20260101,1000000,1000000,0,0,0,0,0,0,0,1002566.07,1002566.07,0
DUO858204/20260102,DUO858204,20260102,1000000,1000000,0,0,0,0,0,0,0,1002738.77,1002738.77,0
DUO858204/20260105,DUO858204,20260105,1000000,1000000,0,0,0,0,0,0,0,1002997.82,1002997.82,0
DUO858204/20260106,DUO858204,20260106,1003922.09,1003922.09,0,0,0,0,-512.76,360,-872.76,1003841.08,1004713.84,-872.76
DUO858204/20260107,DUO858204,20260107,1003592.12,1003592.12,0,0,0,0,0,0,0,1004110.45,1004110.45,0
DUO858204/20260108,DUO858204,20260108,1004153.194,1004153.194,0,0,0,0,-926.52,24090.32,-25016.84,1003831.694,1028848.534,-25016.84
DUO858204/20260109,DUO858204,20260109,1003555.144,1003555.144,0,0,0,0,1907.41,16108.16,-14200.75,1006154.234,1020354.984,-14200.75
DUO858183/20260112,DUO858183,20260112,990872.9514,990872.9514,0,0,0,0,0,0,0,991822.0814,991822.0814,0
DUO858183/20260113,DUO858183,20260113,1044904.569,1044904.569,0,0,0,0,0,0,0,1045939.249,1045939.249,0
DUO858183/20260114,DUO858183,20260114,1044904.569,1044904.569,0,0,0,0,0,0,0,1046024.749,1046024.749,0
DUO858183/20260115,DUO858183,20260115,970696.0094,970696.0094,0,0,0,0,66625,66625,0,1038531.459,1038531.459,0
DUO858183/20260116,DUO858183,20260116,1052710.114,1052710.114,0,0,0,0,0,0,0,1054010.814,1054010.814,0
DUO858293/20260112,DUO858293,20260112,1002652.42,1002652.42,0,0,0,0,0,0,0,1003603.65,1003603.65,0
DUO858293/20260113,DUO858293,20260113,1002652.42,1002652.42,0,0,0,0,0,0,0,1003690.23,1003690.23,0
DUO858293/20260114,DUO858293,20260114,1002652.42,1002652.42,0,0,0,0,0,0,0,1003776.81,1003776.81,0
DUO858293/20260115,DUO858293,20260115,1002652.42,1002652.42,0,0,0,0,0,0,0,1003863.39,1003863.39,0
DUO858293/20260116,DUO858293,20260116,1002652.42,1002652.42,0,0,0,0,0,0,0,1003949.97,1003949.97,0
DUO858241/20260112,DUO858241,20260112,1002652.42,1002652.42,0,0,0,0,0,0,0,1003603.65,1003603.65,0
DUO858241/20260113,DUO858241,20260113,1002652.42,1002652.42,0,0,0,0,0,0,0,1003690.23,1003690.23,0
DUO858241/20260114,DUO858241,20260114,1002652.42,1002652.42,0,0,0,0,0,0,0,1003776.81,1003776.81,0
DUO858241/20260115,DUO858241,20260115,1002652.42,1002652.42,0,0,0,0,0,0,0,1003863.39,1003863.39,0
DUO858241/20260116,DUO858241,20260116,1002652.42,1002652.42,0,0,0,0,0,0,0,1003949.97,1003949.97,0
DUO858732/20260112,DUO858732,20260112,244889.3941,244889.3941,0,773328.52,773328.52,0,0,0,0,1018471.404,1018471.404,0
DUO858732/20260113,DUO858732,20260113,244889.3941,244889.3941,0,772719.78,772719.78,0,0,0,0,1017862.664,1017862.664,0
DUO858732/20260114,DUO858732,20260114,244889.3941,244889.3941,0,768002.71,768002.71,0,0,0,0,1013145.594,1013145.594,0
DUO858732/20260115,DUO858732,20260115,244889.3941,244889.3941,0,767673.92,767673.92,0,0,0,0,1012878.274,1012878.274,0
DUO858732/20260116,DUO858732,20260116,244889.3941,244889.3941,0,765884.77,765884.77,0,0,0,0,1011089.124,1011089.124,0
DUO860245/20260112,DUO860245,20260112,-937561.7855,0,-937561.7855,2175115.7,2175115.7,0,0,0,0,1237605.805,2175167.59,-937561.7855
DUO860245/20260113,DUO860245,20260113,-860672.2307,0,-860672.2307,2066536.2,2066536.2,0,0,0,0,1205915.859,2066588.09,-860672.2307
DUO860245/20260114,DUO860245,20260114,-518288.6377,0,-518288.6377,1637010.3,1637010.3,0,30479.6,30479.6,0,1149082.502,1667541.79,-518459.2877
DUO860245/20260115,DUO860245,20260115,-530956.2352,0,-530956.2352,1638783.9,1638783.9,0,37299.6,37299.6,0,1144896.165,1676135.39,-531239.2252
DUO860245/20260116,DUO860245,20260116,377746.4869,377746.4869,0,738275,738275,0,26560,26560,0,1142282.197,1142633.377,-351.18
DUO858565/20260112,DUO858565,20260112,8221.435,8221.435,0,1033431.92,1033431.92,0,0,0,0,1041709.895,1041709.895,0
DUO858565/20260113,DUO858565,20260113,8221.435,8221.435,0,1031528.37,1031528.37,0,0,0,0,1039806.345,1039806.345,0
DUO858565/20260114,DUO858565,20260114,8221.435,8221.435,0,1021029.12,1021029.12,0,0,0,0,1029307.095,1029307.095,0
DUO858565/20260115,DUO858565,20260115,8221.435,8221.435,0,1026318.52,1026318.52,0,0,0,0,1034596.495,1034596.495,0
DUO858565/20260116,DUO858565,20260116,8221.435,8221.435,0,1025594.66,1025594.66,0,0,0,0,1033872.635,1033872.635,0
DUO860184/20260112,DUO860184,20260112,1001403.216,1001403.216,0,572.75,572.75,0,0,0,0,1002812.136,1002812.136,0
DUO860184/20260113,DUO860184,20260113,492419.0159,492419.0159,0,505941.82,505941.82,0,0,0,0,999273.5759,999273.5759,0
DUO860184/20260114,DUO860184,20260114,242415.8599,242415.8599,0,754545.93,754545.93,0,0,0,0,997960.9999,997960.9999,0
DUO860184/20260115,DUO860184,20260115,242415.8599,242415.8599,0,710004.89,710004.89,0,0,0,0,953419.9599,953419.9599,0
DUO860184/20260116,DUO860184,20260116,242415.8599,242415.8599,0,717521.41,717521.41,0,0,0,0,960998.8299,960998.8299,0
DUO858580/20260112,DUO858580,20260112,3920.6892,3920.6892,0,1017878.5,1017878.5,0,0,0,0,1021885.529,1021885.529,0
DUO858580/20260113,DUO858580,20260113,3920.6892,3920.6892,0,1015246.6,1015246.6,0,0,0,0,1019253.629,1019253.629,0
DUO858580/20260114,DUO858580,20260114,3920.6892,3920.6892,0,1008995.7,1008995.7,0,0,0,0,1013002.729,1013002.729,0
DUO858580/20260115,DUO858580,20260115,3920.6892,3920.6892,0,1011972.1,1011972.1,0,0,0,0,1015979.129,1015979.129,0
DUO858580/20260116,DUO858580,20260116,3920.6892,3920.6892,0,1015940.7,1015940.7,0,0,0,0,1019947.729,1019947.729,0
DUO858257/20260112,DUO858257,20260112,926898.42,926898.42,0,76551,76551,0,0,0,0,1004367.6,1004367.6,0
DUO858257/20260113,DUO858257,20260113,926898.42,926898.42,0,76441,76441,0,0,0,0,1004337.57,1004337.57,0
DUO858257/20260114,DUO858257,20260114,926898.42,926898.42,0,75528,75528,0,0,0,0,1003504.54,1003504.54,0
DUO858257/20260115,DUO858257,20260115,926898.42,926898.42,0,75935,75935,0,0,0,0,1003991.51,1003991.51,0
DUO858257/20260116,DUO858257,20260116,840395.92,840395.92,0,161375,161375,0,0,0,0,1003008.98,1003008.98,0
DUO858280/20260112,DUO858280,20260112,92310.24,92310.24,0,932251.18,932251.18,0,0,0,0,1024618.13,1024618.13,0
DUO858280/20260113,DUO858280,20260113,92310.24,92310.24,0,936709.88,936709.88,0,0,0,0,1029076.83,1029076.83,0
DUO858280/20260114,DUO858280,20260114,92310.24,92310.24,0,940519.4,940519.4,0,0,0,0,1032886.35,1032886.35,0
DUO858280/20260115,DUO858280,20260115,92310.24,92310.24,0,935038.66,935038.66,0,0,0,0,1027405.61,1027405.61,0
DUO858280/20260116,DUO858280,20260116,92310.24,92310.24,0,937339.42,937339.42,0,0,0,0,1029756.63,1029756.63,0
DUO858271/20260112,DUO858271,20260112,1818.56688,1818.56688,0,1032562.82,1032562.82,0,0,0,0,1034567.347,1034567.347,0
DUO858271/20260113,DUO858271,20260113,1818.56688,1818.56688,0,1035934.74,1035934.74,0,0,0,0,1037939.267,1037939.267,0
DUO858271/20260114,DUO858271,20260114,1818.56688,1818.56688,0,1026364.94,1026364.94,0,0,0,0,1028369.467,1028369.467,0
DUO858271/20260115,DUO858271,20260115,1818.56688,1818.56688,0,1034951.82,1034951.82,0,0,0,0,1036956.347,1036956.347,0
DUO858271/20260116,DUO858271,20260116,486.1145262,486.1145262,0,1037593.21,1037593.21,0,0,0,0,1038265.285,1038265.285,0
DUO880904/20260112,DUO880904,20260112,1002559.19,1002559.19,0,0,0,0,0,0,0,1003510.36,1003510.36,0
DUO880904/20260113,DUO880904,20260113,1002559.19,1002559.19,0,0,0,0,0,0,0,1003596.93,1003596.93,0
DUO880904/20260114,DUO880904,20260114,1002559.19,1002559.19,0,0,0,0,0,0,0,1003683.5,1003683.5,0
DUO880904/20260115,DUO880904,20260115,1002559.19,1002559.19,0,0,0,0,0,0,0,1003770.07,1003770.07,0
DUO880904/20260116,DUO880904,20260116,1002559.19,1002559.19,0,0,0,0,0,0,0,1003856.64,1003856.64,0
DUO860400/20260112,DUO860400,20260112,-567111.6956,0,-567111.6956,1435674.8,1435674.8,0,0,0,0,869268.1944,1436379.89,-567111.6956
DUO860400/20260113,DUO860400,20260113,-567111.6956,0,-567111.6956,1417068.8,1417068.8,0,0,0,0,850736.1944,1417847.89,-567111.6956
DUO860400/20260114,DUO860400,20260114,-567111.6956,0,-567111.6956,1403538,1403538,0,0,0,0,837130.9044,1404317.09,-567186.1856
DUO860400/20260115,DUO860400,20260115,-567111.6956,0,-567111.6956,1418477.9,1418477.9,0,0,0,0,851996.3144,1419256.99,-567260.6756
DUO860400/20260116,DUO860400,20260116,-567111.6956,0,-567111.6956,1407534.8,1407534.8,0,0,0,0,840978.7244,1408313.89,-567335.1656
DUO858195/20260112,DUO858195,20260112,1006960.838,1006960.838,0,0,0,0,0,0,0,1007915.258,1007915.258,0
DUO858195/20260113,DUO858195,20260113,1006960.838,1006960.838,0,0,0,0,0,0,0,1008002.218,1008002.218,0
DUO858195/20260114,DUO858195,20260114,1006960.838,1006960.838,0,0,0,0,0,0,0,1008089.178,1008089.178,0
DUO858195/20260115,DUO858195,20260115,1006960.838,1006960.838,0,0,0,0,0,0,0,1008176.138,1008176.138,0
DUO858195/20260116,DUO858195,20260116,1006960.838,1006960.838,0,0,0,0,0,0,0,1008263.098,1008263.098,0
DUO858694/20260112,DUO858694,20260112,827621.1949,827621.1949,0,180076.53,180076.53,0,0,0,0,1008483.215,1008483.215,0
DUO858694/20260113,DUO858694,20260113,827621.1949,827621.1949,0,179837.94,179837.94,0,0,0,0,1008315.935,1008315.935,0
DUO858694/20260114,DUO858694,20260114,827621.1949,827621.1949,0,179206.64,179206.64,0,0,0,0,1007755.945,1007755.945,0
DUO858694/20260115,DUO858694,20260115,827621.1949,827621.1949,0,179850.8,179850.8,0,0,0,0,1008471.415,1008471.415,0
DUO858694/20260116,DUO858694,20260116,827621.1949,827621.1949,0,179974.22,179974.22,0,0,0,0,1008666.145,1008666.145,0
DUO858167/20260112,DUO858167,20260112,874423.9207,874423.9207,0,0,0,0,131999.5,131999.5,0,1007365.121,1007365.121,0
DUO858167/20260113,DUO858167,20260113,874423.9207,874423.9207,0,0,0,0,131294.3,131294.3,0,1006746.181,1006746.181,0
DUO858167/20260114,DUO858167,20260114,530391.4662,530391.4662,0,284960,284960,0,174561.6,198936.6,-24375,991016.4262,1015391.426,-24375
DUO858167/20260115,DUO858167,20260115,574341.8014,574341.8014,0,284845,284845,0,161663,175813,-14150,1022028.551,1036178.551,-14150
DUO858167/20260116,DUO858167,20260116,374341.8014,374341.8014,0,624265,624265,0,19425,33200,-13775,1019210.551,1032985.551,-13775
DUO858213/20260112,DUO858213,20260112,892281.42,892281.42,0,162340,162340,0,0,0,0,1055467.01,1055467.01,0
DUO858213/20260113,DUO858213,20260113,892281.42,892281.42,0,163870,163870,0,0,0,0,1057064.37,1057064.37,0
DUO858213/20260114,DUO858213,20260114,892281.42,892281.42,0,167240,167240,0,0,0,0,1060501.75,1060501.75,0
DUO858213/20260115,DUO858213,20260115,892281.42,892281.42,0,166160,166160,0,0,0,0,1059489.13,1059489.13,0
DUO858213/20260116,DUO858213,20260116,892281.42,892281.42,0,166260,166260,0,0,0,0,1059656.51,1059656.51,0
DUO859340/20260112,DUO859340,20260112,1002652.42,1002652.42,0,0,0,0,0,0,0,1003603.65,1003603.65,0
DUO859340/20260113,DUO859340,20260113,1002652.42,1002652.42,0,0,0,0,0,0,0,1003690.23,1003690.23,0
DUO859340/20260114,DUO859340,20260114,1002652.42,1002652.42,0,0,0,0,0,0,0,1003776.81,1003776.81,0
DUO859340/20260115,DUO859340,20260115,1002652.42,1002652.42,0,0,0,0,0,0,0,1003863.39,1003863.39,0
DUO859340/20260116,DUO859340,20260116,1002652.42,1002652.42,0,0,0,0,0,0,0,1003949.97,1003949.97,0
DUO858252/20260112,DUO858252,20260112,343012.0338,343012.0338,0,657129.87,657129.87,0,0,0,0,1000401.284,1000401.284,0
DUO858252/20260113,DUO858252,20260113,343012.0338,343012.0338,0,654159.83,654159.83,0,0,0,0,997431.2438,997431.2438,0
DUO858252/20260114,DUO858252,20260114,343012.0338,343012.0338,0,660223.45,660223.45,0,0,0,0,1003552.964,1003552.964,0
DUO858252/20260115,DUO858252,20260115,343012.0338,343012.0338,0,659412.34,659412.34,0,0,0,0,1002741.854,1002741.854,0
DUO858252/20260116,DUO858252,20260116,343012.0338,343012.0338,0,649887.72,649887.72,0,0,0,0,993275.3338,993275.3338,0
DUO858308/20260112,DUO858308,20260112,998656.2255,998656.2255,0,0,0,0,0,0,0,999603.6055,999603.6055,0
DUO858308/20260113,DUO858308,20260113,998656.2255,998656.2255,0,0,0,0,0,0,0,999689.8355,999689.8355,0
DUO858308/20260114,DUO858308,20260114,998656.2255,998656.2255,0,0,0,0,0,0,0,999776.0655,999776.0655,0
DUO858308/20260115,DUO858308,20260115,998656.2255,998656.2255,0,0,0,0,0,0,0,999862.2955,999862.2955,0
DUO858308/20260116,DUO858308,20260116,998656.2255,998656.2255,0,0,0,0,0,0,0,999948.5255,999948.5255,0
DUO858706/20260112,DUO858706,20260112,1002652.42,1002652.42,0,0,0,0,0,0,0,1003603.65,1003603.65,0
DUO858706/20260113,DUO858706,20260113,1002652.42,1002652.42,0,0,0,0,0,0,0,1003690.23,1003690.23,0
DUO858706/20260114,DUO858706,20260114,1002652.42,1002652.42,0,0,0,0,0,0,0,1003776.81,1003776.81,0
DUO858706/20260115,DUO858706,20260115,1002652.42,1002652.42,0,0,0,0,0,0,0,1003863.39,1003863.39,0
DUO858706/20260116,DUO858706,20260116,1002652.42,1002652.42,0,0,0,0,0,0,0,1003949.97,1003949.97,0
DUO858320/20260112,DUO858320,20260112,915777.08,915777.08,0,90580.69,90580.69,0,0,0,0,1007225.67,1007225.67,0
DUO858320/20260113,DUO858320,20260113,915777.08,915777.08,0,90699.27,90699.27,0,0,0,0,1007423.25,1007423.25,0
DUO858320/20260114,DUO858320,20260114,915777.08,915777.08,0,90714.04,90714.04,0,0,0,0,1007517.02,1007517.02,0
DUO858320/20260115,DUO858320,20260115,915777.08,915777.08,0,89935.97,89935.97,0,0,0,0,1006817.95,1006817.95,0
DUO858320/20260116,DUO858320,20260116,915777.08,915777.08,0,89823.86,89823.86,0,0,0,0,1006784.84,1006784.84,0
DUO858796/20260112,DUO858796,20260112,1002547.313,1002547.313,0,0,0,0,0,0,0,1003512.37,1003512.37,0
DUO858796/20260113,DUO858796,20260113,1002547.313,1002547.313,0,0,0,0,0,0,0,1003598.94,1003598.94,0
DUO858796/20260114,DUO858796,20260114,1002547.313,1002547.313,0,0,0,0,0,0,0,1003685.51,1003685.51,0
DUO858796/20260115,DUO858796,20260115,1002547.313,1002547.313,0,0,0,0,0,0,0,1003772.08,1003772.08,0
DUO858796/20260116,DUO858796,20260116,1002547.313,1002547.313,0,0,0,0,0,0,0,1003858.65,1003858.65,0
DUO858010/20260112,DUO858010,20260112,1002652.42,1002652.42,0,0,0,0,0,0,0,1003603.65,1003603.65,0
DUO858010/20260113,DUO858010,20260113,1002652.42,1002652.42,0,0,0,0,0,0,0,1003690.23,1003690.23,0
DUO858010/20260114,DUO858010,20260114,1002652.42,1002652.42,0,0,0,0,0,0,0,1003776.81,1003776.81,0
DUO858010/20260115,DUO858010,20260115,1002652.42,1002652.42,0,0,0,0,0,0,0,1003863.39,1003863.39,0
DUO858010/20260116,DUO858010,20260116,1002652.42,1002652.42,0,0,0,0,0,0,0,1003949.97,1003949.97,0
DUO858142/20260112,DUO858142,20260112,1002652.42,1002652.42,0,0,0,0,0,0,0,1003603.65,1003603.65,0
DUO858142/20260113,DUO858142,20260113,1002652.42,1002652.42,0,0,0,0,0,0,0,1003690.23,1003690.23,0
DUO858142/20260114,DUO858142,20260114,1002652.42,1002652.42,0,0,0,0,0,0,0,1003776.81,1003776.81,0
DUO858142/20260115,DUO858142,20260115,1002652.42,1002652.42,0,0,0,0,0,0,0,1003863.39,1003863.39,0
DUO858142/20260116,DUO858142,20260116,1002652.42,1002652.42,0,0,0,0,0,0,0,1003949.97,1003949.97,0
DUO858287/20260112,DUO858287,20260112,339969.795,339969.795,0,678598,678598,0,0,0,0,1018883.575,1018883.575,0
DUO858287/20260113,DUO858287,20260113,339969.795,339969.795,0,670949.9,670949.9,0,0,0,0,1011235.475,1011235.475,0
DUO858287/20260114,DUO858287,20260114,339969.795,339969.795,0,663681.5,663681.5,0,0,0,0,1004024.635,1004024.635,0
DUO858287/20260115,DUO858287,20260115,339969.795,339969.795,0,650094.5,650094.5,0,0,0,0,990437.635,990437.635,0
DUO858287/20260116,DUO858287,20260116,339969.795,339969.795,0,645295.7,645295.7,0,0,0,0,985696.395,985696.395,0
DUO858223/20260112,DUO858223,20260112,870380.2633,870380.2633,0,162318.3,372822.5,-210504.2,-29239,0,-29239,1004145.643,1243888.843,-239743.2
DUO858223/20260113,DUO858223,20260113,869709.0133,869709.0133,0,158736.4,371579.1,-212842.7,-29546.2,0,-29546.2,999638.0833,1242026.983,-242388.9
DUO858223/20260114,DUO858223,20260114,871375.2633,871375.2633,0,159983.1,373955.1,-213972,-29093.7,0,-29093.7,1003056.323,1246122.023,-243065.7
DUO858223/20260115,DUO858223,20260115,868642.7633,868642.7633,0,156103.5,370272.3,-214168.8,-67189.5,0,-67189.5,958400.9733,1239759.273,-281358.3
DUO858223/20260116,DUO858223,20260116,-238190.9867,31488.68,-269679.6667,1192879.4,1407396,-214516.6,0,0,0,955585.1033,1439781.37,-484196.2667
DUO858340/20260112,DUO858340,20260112,1002652.42,1002652.42,0,0,0,0,0,0,0,1003603.65,1003603.65,0
DUO858340/20260113,DUO858340,20260113,1002652.42,1002652.42,0,0,0,0,0,0,0,1003690.23,1003690.23,0
DUO858340/20260114,DUO858340,20260114,1002652.42,1002652.42,0,0,0,0,0,0,0,1003776.81,1003776.81,0
DUO858340/20260115,DUO858340,20260115,1002652.42,1002652.42,0,0,0,0,0,0,0,1003863.39,1003863.39,0
DUO858340/20260116,DUO858340,20260116,1002652.42,1002652.42,0,0,0,0,0,0,0,1003949.97,1003949.97,0
DUO858153/20260112,DUO858153,20260112,1002652.42,1002652.42,0,0,0,0,0,0,0,1003603.65,1003603.65,0
DUO858153/20260113,DUO858153,20260113,1002652.42,1002652.42,0,0,0,0,0,0,0,1003690.23,1003690.23,0
DUO858153/20260114,DUO858153,20260114,1002652.42,1002652.42,0,0,0,0,0,0,0,1003776.81,1003776.81,0
DUO858153/20260115,DUO858153,20260115,1002652.42,1002652.42,0,0,0,0,0,0,0,1003863.39,1003863.39,0
DUO858153/20260116,DUO858153,20260116,1002652.42,1002652.42,0,0,0,0,0,0,0,1003949.97,1003949.97,0
DUO858325/20260112,DUO858325,20260112,1002652.42,1002652.42,0,0,0,0,0,0,0,1003603.65,1003603.65,0
DUO858325/20260113,DUO858325,20260113,1002652.42,1002652.42,0,0,0,0,0,0,0,1003690.23,1003690.23,0
DUO858325/20260114,DUO858325,20260114,1002652.42,1002652.42,0,0,0,0,0,0,0,1003776.81,1003776.81,0
DUO858325/20260115,DUO858325,20260115,1002652.42,1002652.42,0,0,0,0,0,0,0,1003863.39,1003863.39,0
DUO858325/20260116,DUO858325,20260116,1002652.42,1002652.42,0,0,0,0,0,0,0,1003949.97,1003949.97,0
DUO859247/20260112,DUO859247,20260112,1002652.42,1002652.42,0,0,0,0,0,0,0,1003603.65,1003603.65,0
DUO859247/20260113,DUO859247,20260113,1002652.42,1002652.42,0,0,0,0,0,0,0,1003690.23,1003690.23,0
DUO859247/20260114,DUO859247,20260114,1002652.42,1002652.42,0,0,0,0,0,0,0,1003776.81,1003776.81,0
DUO859247/20260115,DUO859247,20260115,1002652.42,1002652.42,0,0,0,0,0,0,0,1003863.39,1003863.39,0
DUO859247/20260116,DUO859247,20260116,1002652.42,1002652.42,0,0,0,0,0,0,0,1003949.97,1003949.97,0
DUO858779/20260112,DUO858779,20260112,-80237.78487,0,-80237.78487,1104201.94,1104201.94,0,0,0,0,1024655.615,1104893.4,-80237.78487
DUO858779/20260113,DUO858779,20260113,-80237.78487,0,-80237.78487,1126203.41,1126203.41,0,0,0,0,1046657.085,1126894.87,-80237.78487
DUO858779/20260114,DUO858779,20260114,-80237.78487,0,-80237.78487,1137624.82,1137624.82,0,0,0,0,1058021.195,1138316.28,-80295.08487
DUO858779/20260115,DUO858779,20260115,-80237.78487,0,-80237.78487,1132530.49,1132530.49,0,0,0,0,1052926.865,1133221.95,-80295.08487
DUO858779/20260116,DUO858779,20260116,-80237.78487,0,-80237.78487,1133965.33,1133965.33,0,0,0,0,1054361.705,1134656.79,-80295.08487
DUO858355/20260112,DUO858355,20260112,1002652.42,1002652.42,0,0,0,0,0,0,0,1003603.65,1003603.65,0
DUO858355/20260113,DUO858355,20260113,1002652.42,1002652.42,0,0,0,0,0,0,0,1003690.23,1003690.23,0
DUO858355/20260114,DUO858355,20260114,1002652.42,1002652.42,0,0,0,0,0,0,0,1003776.81,1003776.81,0
DUO858355/20260115,DUO858355,20260115,1002652.42,1002652.42,0,0,0,0,0,0,0,1003863.39,1003863.39,0
DUO858355/20260116,DUO858355,20260116,1002652.42,1002652.42,0,0,0,0,0,0,0,1003949.97,1003949.97,0
DUO859347/20260112,DUO859347,20260112,1002652.42,1002652.42,0,0,0,0,0,0,0,1003603.65,1003603.65,0
DUO859347/20260113,DUO859347,20260113,1002652.42,1002652.42,0,0,0,0,0,0,0,1003690.23,1003690.23,0
DUO859347/20260114,DUO859347,20260114,1002652.42,1002652.42,0,0,0,0,0,0,0,1003776.81,1003776.81,0
DUO859347/20260115,DUO859347,20260115,1002652.42,1002652.42,0,0,0,0,0,0,0,1003863.39,1003863.39,0
DUO859347/20260116,DUO859347,20260116,1002652.42,1002652.42,0,0,0,0,0,0,0,1003949.97,1003949.97,0
DUO858573/20260112,DUO858573,20260112,1002652.42,1002652.42,0,0,0,0,0,0,0,1003603.65,1003603.65,0
DUO858573/20260113,DUO858573,20260113,1002652.42,1002652.42,0,0,0,0,0,0,0,1003690.23,1003690.23,0
DUO858573/20260114,DUO858573,20260114,1002652.42,1002652.42,0,0,0,0,0,0,0,1003776.81,1003776.81,0
DUO858573/20260115,DUO858573,20260115,1002652.42,1002652.42,0,0,0,0,0,0,0,1003863.39,1003863.39,0
DUO858573/20260116,DUO858573,20260116,1002652.42,1002652.42,0,0,0,0,0,0,0,1003949.97,1003949.97,0
DUO858786/20260112,DUO858786,20260112,398198.1045,398198.1045,0,508329.5,508329.5,0,103910,103910,0,1010880.355,1010880.355,0
DUO858786/20260113,DUO858786,20260113,568715.1543,568715.1543,0,509037.5,509037.5,0,23250,23250,0,1101445.404,1101445.404,0
DUO858786/20260114,DUO858786,20260114,499508.1343,499508.1343,0,509796.5,509796.5,0,80161,80161,0,1089976.094,1089976.094,0
DUO858786/20260115,DUO858786,20260115,499508.1343,499508.1343,0,504844,504844,0,69322.5,69322.5,0,1074185.094,1074185.094,0
DUO858786/20260116,DUO858786,20260116,499508.1343,499508.1343,0,506496.5,506496.5,0,57526.5,57526.5,0,1064133.014,1064133.014,0
DUO858245/20260112,DUO858245,20260112,994106.3192,994106.3192,0,7461.72,69245.72,-61784,0,0,0,1002406.019,1064190.019,-61784
DUO858245/20260113,DUO858245,20260113,994106.3192,994106.3192,0,6267.32,69147.32,-62880,0,0,0,1001283.119,1064163.119,-62880
DUO858245/20260114,DUO858245,20260114,994106.3192,994106.3192,0,2206.16,69854.16,-67648,0,0,0,997302.2792,1064950.279,-67648
DUO858245/20260115,DUO858245,20260115,994106.3192,994106.3192,0,2770.12,69426.12,-66656,0,0,0,997946.4192,1064602.419,-66656
DUO858245/20260116,DUO858245,20260116,994106.3192,994106.3192,0,4275.56,69091.56,-64816,0,0,0,999531.6292,1064347.629,-64816
DUO858332/20260112,DUO858332,20260112,1022045.556,1022045.556,0,0,0,0,0,0,0,1022598.016,1022598.016,0
DUO858332/20260113,DUO858332,20260113,1022045.556,1022045.556,0,0,0,0,0,0,0,1022686.286,1022686.286,0
DUO858332/20260114,DUO858332,20260114,1022045.556,1022045.556,0,0,0,0,0,0,0,1022774.556,1022774.556,0
DUO858332/20260115,DUO858332,20260115,1022045.556,1022045.556,0,0,0,0,0,0,0,1022862.826,1022862.826,0
DUO858332/20260116,DUO858332,20260116,1022045.556,1022045.556,0,0,0,0,0,0,0,1022951.096,1022951.096,0
DUO858216/20260112,DUO858216,20260112,952722.925,952722.925,0,50487.74,50487.74,0,0,0,0,1004161.895,1004161.895,0
DUO858216/20260113,DUO858216,20260113,952722.925,952722.925,0,50963.57,50963.57,0,0,0,0,1004719.955,1004719.955,0
DUO858216/20260114,DUO858216,20260114,952722.925,952722.925,0,52011.64,52011.64,0,0,0,0,1005850.255,1005850.255,0
DUO858216/20260115,DUO858216,20260115,952722.925,952722.925,0,51675.76,51675.76,0,0,0,0,1005596.605,1005596.605,0
DUO858216/20260116,DUO858216,20260116,952722.925,952722.925,0,51706.86,51706.86,0,0,0,0,1005709.935,1005709.935,0
DUO858311/20260112,DUO858311,20260112,1002652.42,1002652.42,0,0,0,0,0,0,0,1003603.65,1003603.65,0
DUO858311/20260113,DUO858311,20260113,1002652.42,1002652.42,0,0,0,0,0,0,0,1003690.23,1003690.23,0
DUO858311/20260114,DUO858311,20260114,1002652.42,1002652.42,0,0,0,0,0,0,0,1003776.81,1003776.81,0
DUO858311/20260115,DUO858311,20260115,1002652.42,1002652.42,0,0,0,0,0,0,0,1003863.39,1003863.39,0
DUO858311/20260116,DUO858311,20260116,1002652.42,1002652.42,0,0,0,0,0,0,0,1003949.97,1003949.97,0
DUO858345/20260112,DUO858345,20260112,464608.5034,464608.5034,0,539775.6,539775.6,0,0,0,0,1004969.293,1004969.293,0
DUO858345/20260113,DUO858345,20260113,464608.5034,464608.5034,0,541105.8,541105.8,0,0,0,0,1006299.493,1006299.493,0
DUO858345/20260114,DUO858345,20260114,464608.5034,464608.5034,0,532374.2,532374.2,0,0,0,0,997647.1934,997647.1934,0
DUO858345/20260115,DUO858345,20260115,464608.5034,464608.5034,0,534192.7,534192.7,0,0,0,0,999465.6934,999465.6934,0
DUO858345/20260116,DUO858345,20260116,396127.5034,396127.5034,0,601874.8,601874.8,0,0,0,0,998746.0934,998746.0934,0
DUO858204/20260112,DUO858204,20260112,1004057.544,1004057.544,0,0,0,0,1902.43,15656.34,-13753.91,1006911.784,1020665.694,-13753.91
DUO858204/20260113,DUO858204,20260113,1003912.544,1003912.544,0,0,0,0,2384.42,16974.42,-14590,1007324.654,1021914.654,-14590
DUO858204/20260114,DUO858204,20260114,957894.2109,957894.2109,0,0,0,0,41051.9,59486.46,-18434.56,1000049.681,1018484.241,-18434.56
DUO858204/20260115,DUO858204,20260115,922887.5994,922887.5994,0,0,0,0,56672.21,125676.99,-69004.78,980739.2494,1049744.029,-69004.78
DUO858204/20260116,DUO858204,20260116,920543.4119,920543.4119,0,0,0,0,61542.74,129337.26,-67794.52,983337.9819,1051132.502,-67794.52
DUO858183/20260119,DUO858183,20260119,1052710.114,1052710.114,0,0,0,0,0,0,0,1054010.814,1054010.814,0
DUO858183/20260120,DUO858183,20260120,1052710.114,1052710.114,0,0,0,0,0,0,0,1054345.974,1054345.974,0
DUO858183/20260121,DUO858183,20260121,1065274.087,1065274.087,0,0,0,0,15484.5,15484.5,0,1082485.397,1082485.397,0
DUO858183/20260122,DUO858183,20260122,1110784.013,1110784.013,0,0,0,0,0,0,0,1112601.663,1112601.663,0
DUO858183/20260123,DUO858183,20260123,1043998.613,1043998.613,0,0,0,0,65520,65520,0,1111428.273,1111428.273,0
DUO858293/20260119,DUO858293,20260119,1002652.42,1002652.42,0,0,0,0,0,0,0,1003949.97,1003949.97,0
DUO858293/20260120,DUO858293,20260120,1002652.42,1002652.42,0,0,0,0,0,0,0,1004296.29,1004296.29,0
DUO858293/20260121,DUO858293,20260121,1002652.42,1002652.42,0,0,0,0,0,0,0,1004382.87,1004382.87,0
DUO858293/20260122,DUO858293,20260122,1002652.42,1002652.42,0,0,0,0,0,0,0,1004469.45,1004469.45,0
DUO858293/20260123,DUO858293,20260123,1002652.42,1002652.42,0,0,0,0,0,0,0,1004556.03,1004556.03,0
DUO858241/20260119,DUO858241,20260119,1002652.42,1002652.42,0,0,0,0,0,0,0,1003949.97,1003949.97,0
DUO858241/20260120,DUO858241,20260120,1002652.42,1002652.42,0,0,0,0,0,0,0,1004296.29,1004296.29,0
DUO858241/20260121,DUO858241,20260121,1002652.42,1002652.42,0,0,0,0,0,0,0,1004382.87,1004382.87,0
DUO858241/20260122,DUO858241,20260122,1002652.42,1002652.42,0,0,0,0,0,0,0,1004469.45,1004469.45,0
DUO858241/20260123,DUO858241,20260123,1002652.42,1002652.42,0,0,0,0,0,0,0,1004556.03,1004556.03,0
DUO858732/20260119,DUO858732,20260119,244889.3941,244889.3941,0,765884.77,765884.77,0,0,0,0,1011089.124,1011089.124,0
DUO858732/20260120,DUO858732,20260120,244889.3941,244889.3941,0,755948.93,755948.93,0,0,0,0,1001255.734,1001255.734,0
DUO858732/20260121,DUO858732,20260121,244889.3941,244889.3941,0,762665.66,762665.66,0,0,0,0,1007972.464,1007972.464,0
DUO858732/20260122,DUO858732,20260122,244889.3941,244889.3941,0,774516.3,774516.3,0,0,0,0,1019823.104,1019823.104,0
DUO858732/20260123,DUO858732,20260123,244889.3941,244889.3941,0,776302.71,776302.71,0,0,0,0,1021670.984,1021670.984,0
DUO860245/20260119,DUO860245,20260119,377746.4869,377746.4869,0,738275,738275,0,26560,26560,0,1142282.197,1142633.377,-351.18
DUO860245/20260120,DUO860245,20260120,396966.7781,396966.7781,0,717134,832515,-115381,26376.4,26376.4,0,1139898.368,1255910.068,-116011.7
DUO860245/20260121,DUO860245,20260121,-636189.4723,0,-636189.4723,1771169,1800134,-28965,18791.8,18791.8,0,1153268.538,1819053.71,-665785.1723
DUO860245/20260122,DUO860245,20260122,-643167.4698,0,-643167.4698,1796127.5,1796127.5,0,19810.8,19810.8,0,1172268.04,1816066.21,-643798.1698
DUO860245/20260123,DUO860245,20260123,-636883.3706,0,-636883.3706,1770419,1770419,0,0,0,0,1132945.579,1770546.91,-637601.3306
DUO858565/20260119,DUO858565,20260119,8221.435,8221.435,0,1025594.66,1025594.66,0,0,0,0,1033872.635,1033872.635,0
DUO858565/20260120,DUO858565,20260120,8221.435,8221.435,0,1001373.06,1001373.06,0,0,0,0,1009651.035,1009651.035,0
DUO858565/20260121,DUO858565,20260121,8221.435,8221.435,0,1013294.92,1013294.92,0,0,0,0,1021572.895,1021572.895,0
DUO858565/20260122,DUO858565,20260122,8221.435,8221.435,0,1020753.78,1020753.78,0,0,0,0,1029031.755,1029031.755,0
DUO858565/20260123,DUO858565,20260123,8221.435,8221.435,0,1027479.91,1027479.91,0,0,0,0,1035757.885,1035757.885,0
DUO860184/20260119,DUO860184,20260119,242415.8599,242415.8599,0,717521.41,717521.41,0,0,0,0,960998.8299,960998.8299,0
DUO860184/20260120,DUO860184,20260120,242415.8599,242415.8599,0,672462.05,672462.05,0,0,0,0,916020.5499,916020.5499,0
DUO860184/20260121,DUO860184,20260121,242415.8599,242415.8599,0,675694.96,675694.96,0,0,0,0,919253.4599,919253.4599,0
DUO860184/20260122,DUO860184,20260122,585476.4293,585476.4293,0,326190.31,326190.31,0,0,0,0,912809.3793,912809.3793,0
DUO860184/20260123,DUO860184,20260123,585476.4293,585476.4293,0,326450.6,326450.6,0,0,0,0,913130.4793,913130.4793,0
DUO858580/20260119,DUO858580,20260119,3920.6892,3920.6892,0,1015940.7,1015940.7,0,0,0,0,1019947.729,1019947.729,0
DUO858580/20260120,DUO858580,20260120,3920.6892,3920.6892,0,1006195.4,1006195.4,0,0,0,0,1010202.429,1010202.429,0
DUO858580/20260121,DUO858580,20260121,3920.6892,3920.6892,0,1023212.8,1023212.8,0,0,0,0,1027219.829,1027219.829,0
DUO858580/20260122,DUO858580,20260122,3920.6892,3920.6892,0,1034135,1034135,0,0,0,0,1038142.029,1038142.029,0
DUO858580/20260123,DUO858580,20260123,3920.6892,3920.6892,0,1038716.7,1038716.7,0,0,0,0,1042723.729,1042723.729,0
DUO858257/20260119,DUO858257,20260119,840395.92,840395.92,0,161375,161375,0,0,0,0,1003008.98,1003008.98,0
DUO858257/20260120,DUO858257,20260120,840395.92,840395.92,0,158134,158134,0,0,0,0,1000087.86,1000087.86,0
DUO858257/20260121,DUO858257,20260121,840395.92,840395.92,0,157525,157525,0,0,0,0,999551.29,999551.29,0
DUO858257/20260122,DUO858257,20260122,805954.92,805954.92,0,192857,192857,0,0,0,0,1000514.72,1000514.72,0
DUO858257/20260123,DUO858257,20260123,805954.92,805954.92,0,194986.2,194986.2,0,0,0,0,1002716.35,1002716.35,0
DUO858280/20260119,DUO858280,20260119,92310.24,92310.24,0,937339.42,937339.42,0,0,0,0,1029756.63,1029756.63,0
DUO858280/20260120,DUO858280,20260120,92310.24,92310.24,0,946163.9,946163.9,0,0,0,0,1038581.11,1038581.11,0
DUO858280/20260121,DUO858280,20260121,92310.24,92310.24,0,957938.66,957938.66,0,0,0,0,1050355.87,1050355.87,0
DUO858280/20260122,DUO858280,20260122,113845.5007,113845.5007,0,944887.24,944887.24,0,0,0,0,1058839.711,1058839.711,0
DUO858280/20260123,DUO858280,20260123,113845.5007,113845.5007,0,950844.44,950844.44,0,0,0,0,1064847.171,1064847.171,0
DUO858271/20260119,DUO858271,20260119,486.1145262,486.1145262,0,1037593.21,1037593.21,0,0,0,0,1038265.285,1038265.285,0
DUO858271/20260120,DUO858271,20260120,486.1145262,486.1145262,0,1000094.49,1000094.49,0,0,0,0,1000766.565,1000766.565,0
DUO858271/20260121,DUO858271,20260121,486.1145262,486.1145262,0,1011938.22,1011938.22,0,0,0,0,1012610.295,1012610.295,0
DUO858271/20260122,DUO858271,20260122,486.1145262,486.1145262,0,1016138.17,1016138.17,0,0,0,0,1016810.245,1016810.245,0
DUO858271/20260123,DUO858271,20260123,-3535.79309,0,-3535.79309,1023283.11,1023283.11,0,0,0,0,1019933.277,1023469.07,-3535.79309
DUO880904/20260119,DUO880904,20260119,1002559.19,1002559.19,0,0,0,0,0,0,0,1003856.64,1003856.64,0
DUO880904/20260120,DUO880904,20260120,1002559.19,1002559.19,0,0,0,0,0,0,0,1004202.92,1004202.92,0
DUO880904/20260121,DUO880904,20260121,1002559.19,1002559.19,0,0,0,0,0,0,0,1004289.49,1004289.49,0
DUO880904/20260122,DUO880904,20260122,1002559.19,1002559.19,0,0,0,0,0,0,0,1004376.06,1004376.06,0
DUO880904/20260123,DUO880904,20260123,1002559.19,1002559.19,0,0,0,0,0,0,0,1004462.63,1004462.63,0
DUO860400/20260119,DUO860400,20260119,-567111.6956,0,-567111.6956,1407534.8,1407534.8,0,0,0,0,840978.7244,1408313.89,-567335.1656
DUO860400/20260120,DUO860400,20260120,-567111.6956,0,-567111.6956,1374157.7,1374157.7,0,0,0,0,807303.6644,1374936.79,-567633.1256
DUO860400/20260121,DUO860400,20260121,-567111.6956,0,-567111.6956,1406184,1406184,0,0,0,0,839255.4744,1406963.09,-567707.6156
DUO860400/20260122,DUO860400,20260122,-567111.6956,0,-567111.6956,1421736,1421736,0,0,0,0,854732.9844,1422515.09,-567782.1056
DUO860400/20260123,DUO860400,20260123,-567111.6956,0,-567111.6956,1407782.7,1407782.7,0,0,0,0,840705.1944,1408561.79,-567856.5956
DUO858195/20260119,DUO858195,20260119,1006960.838,1006960.838,0,0,0,0,0,0,0,1008263.098,1008263.098,0
DUO858195/20260120,DUO858195,20260120,1006960.838,1006960.838,0,0,0,0,0,0,0,1008610.938,1008610.938,0
DUO858195/20260121,DUO858195,20260121,968795.4083,968795.4083,0,0,0,0,23397,23397,0,993929.4683,993929.4683,0
DUO858195/20260122,DUO858195,20260122,1002141.185,1002141.185,0,0,0,0,0,0,0,1003965.175,1003965.175,0
DUO858195/20260123,DUO858195,20260123,989363.7096,989363.7096,0,0,0,0,12684.6,12684.6,0,1003955.91,1003955.91,0
DUO858694/20260119,DUO858694,20260119,827621.1949,827621.1949,0,179974.22,179974.22,0,0,0,0,1008666.145,1008666.145,0
DUO858694/20260120,DUO858694,20260120,827621.1949,827621.1949,0,176418.29,176418.29,0,0,0,0,1005395.455,1005395.455,0
DUO858694/20260121,DUO858694,20260121,827621.1949,827621.1949,0,178311.65,178311.65,0,0,0,0,1007360.125,1007360.125,0
DUO858694/20260122,DUO858694,20260122,827621.1949,827621.1949,0,178885.29,178885.29,0,0,0,0,1008005.075,1008005.075,0
DUO858694/20260123,DUO858694,20260123,827621.1949,827621.1949,0,179097.11,179097.11,0,0,0,0,1008288.205,1008288.205,0
DUO858167/20260119,DUO858167,20260119,374341.8014,374341.8014,0,624265,624265,0,19425,33200,-13775,1019210.551,1032985.551,-13775
DUO858167/20260120,DUO858167,20260120,357214.469,357214.469,0,651525,651525,0,16333.2,17123.2,-790,1026493.689,1027283.689,-790
DUO858167/20260121,DUO858167,20260121,353075.8466,353075.8466,0,662210,662210,0,19063.4,19063.4,0,1035770.267,1035770.267,0
DUO858167/20260122,DUO858167,20260122,353075.8466,353075.8466,0,670270,670270,0,22472.8,22472.8,0,1047301.717,1047301.717,0
DUO858167/20260123,DUO858167,20260123,353075.8466,353075.8466,0,660355,660355,0,22025.7,22025.7,0,1036939.617,1036939.617,0
DUO858213/20260119,DUO858213,20260119,892281.42,892281.42,0,166260,166260,0,0,0,0,1059656.51,1059656.51,0
DUO858213/20260120,DUO858213,20260120,892281.42,892281.42,0,165300,165300,0,0,0,0,1058966.03,1058966.03,0
DUO858213/20260121,DUO858213,20260121,892281.42,892281.42,0,166730,166730,0,0,0,0,1060463.41,1060463.41,0
DUO858213/20260122,DUO858213,20260122,892281.42,892281.42,0,166660,166660,0,0,0,0,1060460.79,1060460.79,0
DUO858213/20260123,DUO858213,20260123,892281.42,892281.42,0,166720,166720,0,0,0,0,1060588.17,1060588.17,0
DUO859340/20260119,DUO859340,20260119,1002652.42,1002652.42,0,0,0,0,0,0,0,1003949.97,1003949.97,0
DUO859340/20260120,DUO859340,20260120,1002652.42,1002652.42,0,0,0,0,0,0,0,1004296.29,1004296.29,0
DUO859340/20260121,DUO859340,20260121,1002652.42,1002652.42,0,0,0,0,0,0,0,1004382.87,1004382.87,0
DUO859340/20260122,DUO859340,20260122,1002652.42,1002652.42,0,0,0,0,0,0,0,1004469.45,1004469.45,0
DUO859340/20260123,DUO859340,20260123,1002652.42,1002652.42,0,0,0,0,0,0,0,1004556.03,1004556.03,0
DUO858252/20260119,DUO858252,20260119,343012.0338,343012.0338,0,649887.72,649887.72,0,0,0,0,993275.3338,993275.3338,0
DUO858252/20260120,DUO858252,20260120,343012.0338,343012.0338,0,639707.84,639707.84,0,0,0,0,983211.6538,983211.6538,0
DUO858252/20260121,DUO858252,20260121,203758.9948,203758.9948,0,792744.92,792744.92,0,0,0,0,996995.6948,996995.6948,0
DUO858252/20260122,DUO858252,20260122,122923.9948,122923.9948,0,889922.88,889922.88,0,0,0,0,1013396.745,1013396.745,0
DUO858252/20260123,DUO858252,20260123,122923.9948,122923.9948,0,890352.31,890352.31,0,0,0,0,1013826.175,1013826.175,0
DUO858308/20260119,DUO858308,20260119,998656.2255,998656.2255,0,0,0,0,0,0,0,999948.5255,999948.5255,0
DUO858308/20260120,DUO858308,20260120,998656.2255,998656.2255,0,0,0,0,0,0,0,1000293.446,1000293.446,0
DUO858308/20260121,DUO858308,20260121,998656.2255,998656.2255,0,0,0,0,0,0,0,1000379.676,1000379.676,0
DUO858308/20260122,DUO858308,20260122,998656.2255,998656.2255,0,0,0,0,0,0,0,1000465.906,1000465.906,0
DUO858308/20260123,DUO858308,20260123,998656.2255,998656.2255,0,0,0,0,0,0,0,1000552.136,1000552.136,0
DUO858706/20260119,DUO858706,20260119,1002652.42,1002652.42,0,0,0,0,0,0,0,1003949.97,1003949.97,0
DUO858706/20260120,DUO858706,20260120,1002652.42,1002652.42,0,0,0,0,0,0,0,1004296.29,1004296.29,0
DUO858706/20260121,DUO858706,20260121,1002652.42,1002652.42,0,0,0,0,0,0,0,1004382.87,1004382.87,0
DUO858706/20260122,DUO858706,20260122,1002652.42,1002652.42,0,0,0,0,0,0,0,1004469.45,1004469.45,0
DUO858706/20260123,DUO858706,20260123,1002652.42,1002652.42,0,0,0,0,0,0,0,1004556.03,1004556.03,0
DUO858320/20260119,DUO858320,20260119,915777.08,915777.08,0,89823.86,89823.86,0,0,0,0,1006784.84,1006784.84,0
DUO858320/20260120,DUO858320,20260120,523838.113,523838.113,0,311320.58,311320.58,0,127827.9,127827.9,0,964486.493,964486.493,0
DUO858320/20260121,DUO858320,20260121,343426.713,343426.713,0,496367.64,496367.64,0,168671,168671,0,1010044.243,1010044.243,0
DUO858320/20260122,DUO858320,20260122,278776.2755,278776.2755,0,551082.58,551082.58,0,182304.8,182304.8,0,1013742.546,1013742.546,0
DUO858320/20260123,DUO858320,20260123,173683.541,173683.541,0,887472.44,887472.44,0,10475,10475,0,1073283.771,1073283.771,0
DUO858796/20260119,DUO858796,20260119,1002547.313,1002547.313,0,0,0,0,0,0,0,1003858.65,1003858.65,0
DUO858796/20260120,DUO858796,20260120,1002547.313,1002547.313,0,0,0,0,0,0,0,1004204.93,1004204.93,0
DUO858796/20260121,DUO858796,20260121,1002547.313,1002547.313,0,0,0,0,0,0,0,1004291.5,1004291.5,0
DUO858796/20260122,DUO858796,20260122,1002547.313,1002547.313,0,0,0,0,0,0,0,1004378.07,1004378.07,0
DUO858796/20260123,DUO858796,20260123,1002547.313,1002547.313,0,0,0,0,0,0,0,1004464.64,1004464.64,0
DUO858010/20260119,DUO858010,20260119,1002652.42,1002652.42,0,0,0,0,0,0,0,1003949.97,1003949.97,0
DUO858010/20260120,DUO858010,20260120,1002652.42,1002652.42,0,0,0,0,0,0,0,1004296.29,1004296.29,0
DUO858010/20260121,DUO858010,20260121,1002652.42,1002652.42,0,0,0,0,0,0,0,1004382.87,1004382.87,0
DUO858010/20260122,DUO858010,20260122,1002652.42,1002652.42,0,0,0,0,0,0,0,1004469.45,1004469.45,0
DUO858010/20260123,DUO858010,20260123,1002652.42,1002652.42,0,0,0,0,0,0,0,1004556.03,1004556.03,0
DUO858142/20260119,DUO858142,20260119,1002652.42,1002652.42,0,0,0,0,0,0,0,1003949.97,1003949.97,0
DUO858142/20260120,DUO858142,20260120,1002652.42,1002652.42,0,0,0,0,0,0,0,1004296.29,1004296.29,0
DUO858142/20260121,DUO858142,20260121,1002652.42,1002652.42,0,0,0,0,0,0,0,1004382.87,1004382.87,0
DUO858142/20260122,DUO858142,20260122,1002652.42,1002652.42,0,0,0,0,0,0,0,1004469.45,1004469.45,0
DUO858142/20260123,DUO858142,20260123,1002652.42,1002652.42,0,0,0,0,0,0,0,1004556.03,1004556.03,0
DUO858287/20260119,DUO858287,20260119,339969.795,339969.795,0,645295.7,645295.7,0,0,0,0,985696.395,985696.395,0
DUO858287/20260120,DUO858287,20260120,339969.795,339969.795,0,632597.4,632597.4,0,0,0,0,973113.215,973113.215,0
DUO858287/20260121,DUO858287,20260121,339969.795,339969.795,0,628493.9,628493.9,0,0,0,0,969009.715,969009.715,0
DUO858287/20260122,DUO858287,20260122,339969.795,339969.795,0,649477.5,649477.5,0,0,0,0,990050.875,990050.875,0
DUO858287/20260123,DUO858287,20260123,339969.795,339969.795,0,647472.8,647472.8,0,0,0,0,988046.175,988046.175,0
DUO858223/20260119,DUO858223,20260119,-238190.9867,31488.68,-269679.6667,1192879.4,1407396,-214516.6,0,0,0,955585.1033,1439781.37,-484196.2667
DUO858223/20260120,DUO858223,20260120,-238964.7367,30714.93,-269679.6667,1202343.3,1414819.1,-212475.8,0,0,0,964485.0933,1446640.56,-482155.4667
DUO858223/20260121,DUO858223,20260121,-240843.4867,28836.18,-269679.6667,1249660.1,1465733.8,-216073.7,0,0,0,1009915.273,1495728.98,-485813.7067
DUO858223/20260122,DUO858223,20260122,-736451.6757,29316.18,-765767.8557,1752707.2,1752707.2,0,0,0,0,1017294.014,1783182.38,-765888.3657
DUO858223/20260123,DUO858223,20260123,-729290.4257,36477.43,-765767.8557,1731104.1,1731104.1,0,0,0,0,1002791.224,1768740.53,-765949.3057
DUO858340/20260119,DUO858340,20260119,1002652.42,1002652.42,0,0,0,0,0,0,0,1003949.97,1003949.97,0
DUO858340/20260120,DUO858340,20260120,1002652.42,1002652.42,0,0,0,0,0,0,0,1004296.29,1004296.29,0
DUO858340/20260121,DUO858340,20260121,1002652.42,1002652.42,0,0,0,0,0,0,0,1004382.87,1004382.87,0
DUO858340/20260122,DUO858340,20260122,1002652.42,1002652.42,0,0,0,0,0,0,0,1004469.45,1004469.45,0
DUO858340/20260123,DUO858340,20260123,1002652.42,1002652.42,0,0,0,0,0,0,0,1004556.03,1004556.03,0
DUO858153/20260119,DUO858153,20260119,1002652.42,1002652.42,0,0,0,0,0,0,0,1003949.97,1003949.97,0
DUO858153/20260120,DUO858153,20260120,1002652.42,1002652.42,0,0,0,0,0,0,0,1004296.29,1004296.29,0
DUO858153/20260121,DUO858153,20260121,1002652.42,1002652.42,0,0,0,0,0,0,0,1004382.87,1004382.87,0
DUO858153/20260122,DUO858153,20260122,1002652.42,1002652.42,0,0,0,0,0,0,0,1004469.45,1004469.45,0
DUO858153/20260123,DUO858153,20260123,1002652.42,1002652.42,0,0,0,0,0,0,0,1004556.03,1004556.03,0
DUO858325/20260119,DUO858325,20260119,1002652.42,1002652.42,0,0,0,0,0,0,0,1003949.97,1003949.97,0
DUO858325/20260120,DUO858325,20260120,1002652.42,1002652.42,0,0,0,0,0,0,0,1004296.29,1004296.29,0
DUO858325/20260121,DUO858325,20260121,1002652.42,1002652.42,0,0,0,0,0,0,0,1004382.87,1004382.87,0
DUO858325/20260122,DUO858325,20260122,1002652.42,1002652.42,0,0,0,0,0,0,0,1004469.45,1004469.45,0
DUO858325/20260123,DUO858325,20260123,2028.5425,2028.5425,0,0,0,0,923140,923140,0,927072.1525,927072.1525,0
DUO859247/20260119,DUO859247,20260119,1002652.42,1002652.42,0,0,0,0,0,0,0,1003949.97,1003949.97,0
DUO859247/20260120,DUO859247,20260120,1804.870925,1804.870925,0,979767.69,979767.69,0,0,0,0,983216.4309,983216.4309,0
DUO859247/20260121,DUO859247,20260121,1804.870925,1804.870925,0,961121.6,961121.6,0,0,0,0,964656.8509,964656.8509,0
DUO859247/20260122,DUO859247,20260122,1804.870925,1804.870925,0,1039096.19,1039096.19,0,0,0,0,1042631.441,1042631.441,0
DUO859247/20260123,DUO859247,20260123,1804.870925,1804.870925,0,1091644.28,1091644.28,0,0,0,0,1095179.531,1095179.531,0
DUO858779/20260119,DUO858779,20260119,-80237.78487,0,-80237.78487,1133965.33,1133965.33,0,0,0,0,1054361.705,1134656.79,-80295.08487
DUO858779/20260120,DUO858779,20260120,-80237.78487,0,-80237.78487,1086157.75,1086157.75,0,0,0,0,1006485.365,1086849.21,-80363.84487
DUO858779/20260121,DUO858779,20260121,-80237.78487,0,-80237.78487,1106570.66,1106570.66,0,0,0,0,1026898.275,1107262.12,-80363.84487
DUO858779/20260122,DUO858779,20260122,-80237.78487,0,-80237.78487,1108334.24,1108334.24,0,0,0,0,1028661.855,1109025.7,-80363.84487
DUO858779/20260123,DUO858779,20260123,-80237.78487,0,-80237.78487,1105657.69,1105657.69,0,0,0,0,1025985.305,1106349.15,-80363.84487
DUO858355/20260119,DUO858355,20260119,1002652.42,1002652.42,0,0,0,0,0,0,0,1003949.97,1003949.97,0
DUO858355/20260120,DUO858355,20260120,1002652.42,1002652.42,0,0,0,0,0,0,0,1004296.29,1004296.29,0
DUO858355/20260121,DUO858355,20260121,1002652.42,1002652.42,0,0,0,0,0,0,0,1004382.87,1004382.87,0
DUO858355/20260122,DUO858355,20260122,1002652.42,1002652.42,0,0,0,0,0,0,0,1004469.45,1004469.45,0
DUO858355/20260123,DUO858355,20260123,1002652.42,1002652.42,0,0,0,0,0,0,0,1004556.03,1004556.03,0
DUO859347/20260119,DUO859347,20260119,1002652.42,1002652.42,0,0,0,0,0,0,0,1003949.97,1003949.97,0
DUO859347/20260120,DUO859347,20260120,1002652.42,1002652.42,0,0,0,0,0,0,0,1004296.29,1004296.29,0
DUO859347/20260121,DUO859347,20260121,1002652.42,1002652.42,0,0,0,0,0,0,0,1004382.87,1004382.87,0
DUO859347/20260122,DUO859347,20260122,1002652.42,1002652.42,0,0,0,0,0,0,0,1004469.45,1004469.45,0
DUO859347/20260123,DUO859347,20260123,1002652.42,1002652.42,0,0,0,0,0,0,0,1004556.03,1004556.03,0
DUO858573/20260119,DUO858573,20260119,1002652.42,1002652.42,0,0,0,0,0,0,0,1003949.97,1003949.97,0
DUO858573/20260120,DUO858573,20260120,1002652.42,1002652.42,0,0,0,0,0,0,0,1004296.29,1004296.29,0
DUO858573/20260121,DUO858573,20260121,1002652.42,1002652.42,0,0,0,0,0,0,0,1004382.87,1004382.87,0
DUO858573/20260122,DUO858573,20260122,1002652.42,1002652.42,0,0,0,0,0,0,0,1004469.45,1004469.45,0
DUO858573/20260123,DUO858573,20260123,1002652.42,1002652.42,0,0,0,0,0,0,0,1004556.03,1004556.03,0
DUO858786/20260119,DUO858786,20260119,499508.1343,499508.1343,0,506496.5,506496.5,0,57526.5,57526.5,0,1064133.014,1064133.014,0
DUO858786/20260120,DUO858786,20260120,490811.0713,490811.0713,0,571334,571334,0,64550,64550,0,1127467.751,1127467.751,0
DUO858786/20260121,DUO858786,20260121,516452.4523,516452.4523,0,580808,580808,0,31111,31111,0,1129144.132,1129144.132,0
DUO858786/20260122,DUO858786,20260122,570121.2823,570121.2823,0,532880.5,532880.5,0,31727,31727,0,1135586.082,1135586.082,0
DUO858786/20260123,DUO858786,20260123,570121.2823,570121.2823,0,529740.5,529740.5,0,23926.5,23926.5,0,1124645.582,1124645.582,0
DUO858245/20260119,DUO858245,20260119,994106.3192,994106.3192,0,4275.56,69091.56,-64816,0,0,0,999531.6292,1064347.629,-64816
DUO858245/20260120,DUO858245,20260120,994106.3192,994106.3192,0,3393.72,71705.72,-68312,0,0,0,998969.3892,1067281.389,-68312
DUO858245/20260121,DUO858245,20260121,994106.3192,994106.3192,0,5582.4,72750.4,-67168,0,0,0,1001238.109,1068406.109,-67168
DUO858245/20260122,DUO858245,20260122,994106.3192,994106.3192,0,4389.56,74093.56,-69704,0,0,0,1000124.969,1069828.969,-69704
DUO858245/20260123,DUO858245,20260123,994106.3192,994106.3192,0,784,75112,-74328,0,0,0,996599.2492,1070927.249,-74328
DUO858332/20260119,DUO858332,20260119,1022045.556,1022045.556,0,0,0,0,0,0,0,1022951.096,1022951.096,0
DUO858332/20260120,DUO858332,20260120,47294.7364,47294.7364,0,0,0,0,827493.5,827493.5,0,876046.8564,876046.8564,0
DUO858332/20260121,DUO858332,20260121,1069538.398,1069538.398,0,0,0,0,0,0,0,1070885.228,1070885.228,0
DUO858332/20260122,DUO858332,20260122,1069538.398,1069538.398,0,0,0,0,0,0,0,1070885.228,1070885.228,0
DUO858332/20260123,DUO858332,20260123,1069538.398,1069538.398,0,0,0,0,0,0,0,1070980.838,1070980.838,0
DUO858216/20260119,DUO858216,20260119,952722.925,952722.925,0,51706.86,51706.86,0,0,0,0,1005709.935,1005709.935,0
DUO858216/20260120,DUO858216,20260120,952722.925,952722.925,0,51408.3,51408.3,0,0,0,0,1005740.295,1005740.295,0
DUO858216/20260121,DUO858216,20260121,952722.925,952722.925,0,51853.03,51853.03,0,0,0,0,1006267.255,1006267.255,0
DUO858216/20260122,DUO858216,20260122,952722.925,952722.925,0,51831.26,51831.26,0,0,0,0,1006327.715,1006327.715,0
DUO858216/20260123,DUO858216,20260123,952722.925,952722.925,0,51849.92,51849.92,0,0,0,0,1006428.605,1006428.605,0
DUO858311/20260119,DUO858311,20260119,1002652.42,1002652.42,0,0,0,0,0,0,0,1003949.97,1003949.97,0
DUO858311/20260120,DUO858311,20260120,1002652.42,1002652.42,0,0,0,0,0,0,0,1004296.29,1004296.29,0
DUO858311/20260121,DUO858311,20260121,1002652.42,1002652.42,0,0,0,0,0,0,0,1004382.87,1004382.87,0
DUO858311/20260122,DUO858311,20260122,1002652.42,1002652.42,0,0,0,0,0,0,0,1004469.45,1004469.45,0
DUO858311/20260123,DUO858311,20260123,1002652.42,1002652.42,0,0,0,0,0,0,0,1004556.03,1004556.03,0
DUO858345/20260119,DUO858345,20260119,396127.5034,396127.5034,0,601874.8,601874.8,0,0,0,0,998746.0934,998746.0934,0
DUO858345/20260120,DUO858345,20260120,355042.5034,355042.5034,0,619512,619512,0,0,0,0,975456.8934,975456.8934,0
DUO858345/20260121,DUO858345,20260121,355042.5034,355042.5034,0,626652.2,626652.2,0,0,0,0,982597.0934,982597.0934,0
DUO858345/20260122,DUO858345,20260122,355042.5034,355042.5034,0,633132,633132,0,0,0,0,989140.6734,989140.6734,0
DUO858345/20260123,DUO858345,20260123,355042.5034,355042.5034,0,633101.8,633101.8,0,0,0,0,989110.4734,989110.4734,0
DUO858204/20260119,DUO858204,20260119,920543.4119,920543.4119,0,0,0,0,61542.74,129337.26,-67794.52,983337.9819,1051132.502,-67794.52
DUO858204/20260120,DUO858204,20260120,920543.4119,920543.4119,0,0,0,0,56672.33,125573.51,-68901.18,978745.0519,1047646.232,-68901.18
DUO858204/20260121,DUO858204,20260121,920543.4119,920543.4119,0,0,0,0,54185.75,128187.6,-74001.85,976327.6419,1050329.492,-74001.85
DUO858204/20260122,DUO858204,20260122,920543.4119,920543.4119,0,0,0,0,54915.14,127543.64,-72628.5,977126.2019,1049754.702,-72628.5
DUO858204/20260123,DUO858204,20260123,599528.8981,599528.8981,0,321582.6,321582.6,0,53533.76,129801.63,-76267.87,976382.0781,1052649.948,-76267.87
DUO858183/20260126,DUO858183,20260126,1099660.051,1099660.051,0,0,0,0,0,0,0,1101857.741,1101857.741,0
DUO858183/20260127,DUO858183,20260127,1098799.759,1098799.759,0,0,0,0,0,0,0,1101087.599,1101087.599,0
DUO858183/20260128,DUO858183,20260128,1109907.028,1109907.028,0,0,0,0,0,0,0,1112289.878,1112289.878,0
DUO858183/20260129,DUO858183,20260129,1109907.028,1109907.028,0,0,0,0,0,0,0,1112384.798,1112384.798,0
DUO858183/20260130,DUO858183,20260130,1129997.354,1129997.354,0,0,0,0,0,0,0,1132571.064,1132571.064,0
DUO858293/20260126,DUO858293,20260126,1002652.42,1002652.42,0,0,0,0,0,0,0,1004815.77,1004815.77,0
DUO858293/20260127,DUO858293,20260127,1002652.42,1002652.42,0,0,0,0,0,0,0,1004902.35,1004902.35,0
DUO858293/20260128,DUO858293,20260128,1002652.42,1002652.42,0,0,0,0,0,0,0,1004988.93,1004988.93,0
DUO858293/20260129,DUO858293,20260129,1002652.42,1002652.42,0,0,0,0,0,0,0,1005075.51,1005075.51,0
DUO858293/20260130,DUO858293,20260130,1002652.42,1002652.42,0,0,0,0,0,0,0,1005162.09,1005162.09,0
DUO858241/20260126,DUO858241,20260126,1002652.42,1002652.42,0,0,0,0,0,0,0,1004815.77,1004815.77,0
DUO858241/20260127,DUO858241,20260127,1002652.42,1002652.42,0,0,0,0,0,0,0,1004902.35,1004902.35,0
DUO858241/20260128,DUO858241,20260128,1002652.42,1002652.42,0,0,0,0,0,0,0,1004988.93,1004988.93,0
DUO858241/20260129,DUO858241,20260129,1002652.42,1002652.42,0,0,0,0,0,0,0,1005075.51,1005075.51,0
DUO858241/20260130,DUO858241,20260130,1002652.42,1002652.42,0,0,0,0,0,0,0,1005162.09,1005162.09,0
DUO858732/20260126,DUO858732,20260126,244889.3941,244889.3941,0,783815.23,783815.23,0,0,0,0,1029244.974,1029244.974,0
DUO858732/20260127,DUO858732,20260127,244889.3941,244889.3941,0,784820.09,784820.09,0,0,0,0,1030249.834,1030249.834,0
DUO858732/20260128,DUO858732,20260128,244889.3941,244889.3941,0,784551.78,784551.78,0,0,0,0,1029981.524,1029981.524,0
DUO858732/20260129,DUO858732,20260129,244889.3941,244889.3941,0,806889.64,806889.64,0,0,0,0,1052380.854,1052380.854,0
DUO858732/20260130,DUO858732,20260130,244889.3941,244889.3941,0,800260.87,800260.87,0,0,0,0,1045752.084,1045752.084,0
DUO860245/20260126,DUO860245,20260126,-636883.3706,0,-636883.3706,1755966.5,1755966.5,0,0,0,0,1118240.209,1756094.41,-637854.2006
DUO860245/20260127,DUO860245,20260127,-899351.3281,0,-899351.3281,2051179,2051179,0,0,0,0,1150901.272,2051306.91,-900405.6381
DUO860245/20260128,DUO860245,20260128,-789084.5036,0,-789084.5036,1962473,1962473,0,0,0,0,1172378.606,1962600.91,-790222.3036
DUO860245/20260129,DUO860245,20260129,-661360.5546,0,-661360.5546,1740068,1817708,-77640,0,0,0,1077580.245,1817835.91,-740255.6646
DUO860245/20260130,DUO860245,20260130,822071.269,822071.269,0,246703,321573,-74870,0,0,0,1067543.939,1143772.179,-76228.24
DUO858565/20260126,DUO858565,20260126,8221.435,8221.435,0,1030959.41,1030959.41,0,0,0,0,1039237.385,1039237.385,0
DUO858565/20260127,DUO858565,20260127,8221.435,8221.435,0,1039740.49,1039740.49,0,0,0,0,1048018.465,1048018.465,0
DUO858565/20260128,DUO858565,20260128,4054.157,4054.157,0,1047801.38,1047801.38,0,0,0,0,1051912.077,1051912.077,0
DUO858565/20260129,DUO858565,20260129,7573.480675,7573.480675,0,1040887.93,1040887.93,0,0,0,0,1048517.951,1048517.951,0
DUO858565/20260130,DUO858565,20260130,7573.480675,7573.480675,0,1028665.94,1028665.94,0,0,0,0,1036295.961,1036295.961,0
DUO860184/20260126,DUO860184,20260126,585476.4293,585476.4293,0,320379.19,320379.19,0,0,0,0,907209.6393,907209.6393,0
DUO860184/20260127,DUO860184,20260127,-674480.7427,0,-674480.7427,1581095.2,1581095.2,0,0,0,0,908018.6673,1582499.41,-674480.7427
DUO860184/20260128,DUO860184,20260128,-674480.7427,0,-674480.7427,1611874.47,1611874.47,0,0,0,0,938848.1273,1613328.87,-674480.7427
DUO860184/20260129,DUO860184,20260129,-665592.5742,0,-665592.5742,1512404.54,1512404.54,0,0,0,0,848178.0458,1513858.94,-665680.8942
DUO860184/20260130,DUO860184,20260130,230577.8508,230577.8508,0,629327.73,629327.73,0,0,0,0,861183.3108,861359.9808,-176.67
DUO858580/20260126,DUO858580,20260126,3920.6892,3920.6892,0,1045563.7,1045563.7,0,0,0,0,1049570.729,1049570.729,0
DUO858580/20260127,DUO858580,20260127,3920.6892,3920.6892,0,1056246.4,1056246.4,0,0,0,0,1060253.429,1060253.429,0
DUO858580/20260128,DUO858580,20260128,3920.6892,3920.6892,0,1058574.9,1058574.9,0,0,0,0,1062581.929,1062581.929,0
DUO858580/20260129,DUO858580,20260129,3920.6892,3920.6892,0,1059417.7,1059417.7,0,0,0,0,1063424.729,1063424.729,0
DUO858580/20260130,DUO858580,20260130,3920.6892,3920.6892,0,1026111,1026111,0,0,0,0,1030118.029,1030118.029,0
DUO858257/20260126,DUO858257,20260126,805954.92,805954.92,0,194010.4,194010.4,0,0,0,0,1001948.81,1001948.81,0
DUO858257/20260127,DUO858257,20260127,805954.92,805954.92,0,194491.2,194491.2,0,0,0,0,1002499.03,1002499.03,0
DUO858257/20260128,DUO858257,20260128,805954.92,805954.92,0,190747,190747,0,0,0,0,998824.25,998824.25,0
DUO858257/20260129,DUO858257,20260129,805954.92,805954.92,0,186504,186504,0,0,0,0,994650.67,994650.67,0
DUO858257/20260130,DUO858257,20260130,805954.92,805954.92,0,181768.6,181768.6,0,0,0,0,989984.69,989984.69,0
DUO858280/20260126,DUO858280,20260126,113845.5007,113845.5007,0,957547.92,957547.92,0,0,0,0,1071550.651,1071550.651,0
DUO858280/20260127,DUO858280,20260127,113845.5007,113845.5007,0,966458.32,966458.32,0,0,0,0,1080461.051,1080461.051,0
DUO858280/20260128,DUO858280,20260128,113845.5007,113845.5007,0,984185.96,984185.96,0,0,0,0,1098188.691,1098188.691,0
DUO858280/20260129,DUO858280,20260129,113845.5007,113845.5007,0,990553.48,990553.48,0,0,0,0,1104610.571,1104610.571,0
DUO858280/20260130,DUO858280,20260130,114902.3007,114902.3007,0,943469.92,943469.92,0,0,0,0,1058583.811,1058583.811,0
DUO858271/20260126,DUO858271,20260126,134316.686,134316.686,0,886378.86,886378.86,0,0,0,0,1020881.506,1020881.506,0
DUO858271/20260127,DUO858271,20260127,490150.9635,490150.9635,0,527311.42,714098.76,-186787.34,11605.4,11605.4,0,1029253.744,1216041.084,-186787.34
DUO858271/20260128,DUO858271,20260128,490150.9635,490150.9635,0,531769.38,716867.76,-185098.38,10838.05,10838.05,0,1032944.354,1218042.734,-185098.38
DUO858271/20260129,DUO858271,20260129,488620.6035,488620.6035,0,532590.7,718078.84,-185488.14,10984.45,10984.45,0,1032381.714,1217869.854,-185488.14
DUO858271/20260130,DUO858271,20260130,303453.6224,303453.6224,0,713812.29,713812.29,0,11361.25,11361.25,0,1028881.962,1028881.962,0
DUO880904/20260126,DUO880904,20260126,1002559.19,1002559.19,0,0,0,0,0,0,0,1004722.34,1004722.34,0
DUO880904/20260127,DUO880904,20260127,1002559.19,1002559.19,0,0,0,0,0,0,0,1004808.91,1004808.91,0
DUO880904/20260128,DUO880904,20260128,1002559.19,1002559.19,0,0,0,0,0,0,0,1004895.48,1004895.48,0
DUO880904/20260129,DUO880904,20260129,1002559.19,1002559.19,0,0,0,0,0,0,0,1004982.05,1004982.05,0
DUO880904/20260130,DUO880904,20260130,1002559.19,1002559.19,0,0,0,0,0,0,0,1005068.62,1005068.62,0
DUO860400/20260126,DUO860400,20260126,-567111.6956,0,-567111.6956,1408436.7,1408436.7,0,0,0,0,841135.7244,1409215.79,-568080.0656
DUO860400/20260127,DUO860400,20260127,-572893.199,0,-572893.199,1426714.7,1495564.7,-68850,0,0,0,853557.7311,1496343.79,-642786.059
DUO860400/20260128,DUO860400,20260128,-572893.199,0,-572893.199,1464024.25,1532082.25,-68058,0,0,0,890792.7711,1532861.34,-642068.569
DUO860400/20260129,DUO860400,20260129,-608259.242,0,-608259.242,1402524.7,1469068.9,-66544.2,0,0,0,793842.8981,1469847.99,-676005.092
DUO860400/20260130,DUO860400,20260130,426981.3406,426981.3406,0,352257.9,416691.6,-64433.7,0,0,0,778732.4706,844452.0306,-65719.56
DUO858195/20260126,DUO858195,20260126,989363.7096,989363.7096,0,0,0,0,11741.1,11741.1,0,1003272.03,1003272.03,0
DUO858195/20260127,DUO858195,20260127,1003217.029,1003217.029,0,0,0,0,0,0,0,1005469.669,1005469.669,0
DUO858195/20260128,DUO858195,20260128,1010606.377,1010606.377,0,0,0,0,0,0,0,1012944.437,1012944.437,0
DUO858195/20260129,DUO858195,20260129,1010606.377,1010606.377,0,0,0,0,0,0,0,1013031.057,1013031.057,0
DUO858195/20260130,DUO858195,20260130,1013685.007,1013685.007,0,0,0,0,0,0,0,1016196.967,1016196.967,0
DUO858694/20260126,DUO858694,20260126,827621.1949,827621.1949,0,179517.49,179517.49,0,0,0,0,1008922.515,1008922.515,0
DUO858694/20260127,DUO858694,20260127,827621.1949,827621.1949,0,180672.99,180672.99,0,0,0,0,1010149.325,1010149.325,0
DUO858694/20260128,DUO858694,20260128,827621.1949,827621.1949,0,180351.27,180351.27,0,0,0,0,1009898.915,1009898.915,0
DUO858694/20260129,DUO858694,20260129,827621.1949,827621.1949,0,179832.35,179832.35,0,0,0,0,1009451.305,1009451.305,0
DUO858694/20260130,DUO858694,20260130,827621.1949,827621.1949,0,178912.84,178912.84,0,0,0,0,1008603.105,1008603.105,0
DUO858167/20260126,DUO858167,20260126,669063.4454,669063.4454,0,281775,281775,0,90910.94,90910.94,0,1043352.135,1043352.135,0
DUO858167/20260127,DUO858167,20260127,524535.4366,524535.4366,0,277055,277055,0,258373.54,258373.54,0,1061566.727,1061566.727,0
DUO858167/20260128,DUO858167,20260128,354906.7319,354906.7319,0,277680,277680,0,354262.86,354262.86,0,988539.7419,988539.7419,0
DUO858167/20260129,DUO858167,20260129,475891.9152,475891.9152,0,270130,270130,0,146779.7,146779.7,0,894491.7652,894491.7652,0
DUO858167/20260130,DUO858167,20260130,491646.7088,491646.7088,0,259845,259845,0,76045.6,76045.6,0,829302.4088,829302.4088,0
DUO858213/20260126,DUO858213,20260126,715227.67,715227.67,0,167500,167500,0,158866,158866,0,1043382.56,1043382.56,0
DUO858213/20260127,DUO858213,20260127,550157.74,550157.74,0,169050,169050,0,319952,319952,0,1041016.01,1041016.01,0
DUO858213/20260128,DUO858213,20260128,550157.74,550157.74,0,169930,169930,0,277000,277000,0,998995.94,998995.94,0
DUO858213/20260129,DUO858213,20260129,299959.54,299959.54,0,171190,171190,0,340876,340876,0,813933.74,813933.74,0
DUO858213/20260130,DUO858213,20260130,299959.54,299959.54,0,176900,176900,0,495728,495728,0,974570.8,974570.8,0
DUO859340/20260126,DUO859340,20260126,1002652.42,1002652.42,0,0,0,0,0,0,0,1004815.77,1004815.77,0
DUO859340/20260127,DUO859340,20260127,1002652.42,1002652.42,0,0,0,0,0,0,0,1004902.35,1004902.35,0
DUO859340/20260128,DUO859340,20260128,1002652.42,1002652.42,0,0,0,0,0,0,0,1004988.93,1004988.93,0
DUO859340/20260129,DUO859340,20260129,1002652.42,1002652.42,0,0,0,0,0,0,0,1005075.51,1005075.51,0
DUO859340/20260130,DUO859340,20260130,1002652.42,1002652.42,0,0,0,0,0,0,0,1005162.09,1005162.09,0
DUO858252/20260126,DUO858252,20260126,5874.7448,5874.7448,0,1005965.81,1005965.81,0,0,0,0,1012390.425,1012390.425,0
DUO858252/20260127,DUO858252,20260127,4946.7448,4946.7448,0,1003746.6,1003746.6,0,0,0,0,1009299.515,1009299.515,0
DUO858252/20260128,DUO858252,20260128,4946.7448,4946.7448,0,990419.6,990419.6,0,0,0,0,995972.5148,995972.5148,0
DUO858252/20260129,DUO858252,20260129,4946.7448,4946.7448,0,1004969.18,1004969.18,0,0,0,0,1010522.095,1010522.095,0
DUO858252/20260130,DUO858252,20260130,4946.7448,4946.7448,0,1005522.54,1005522.54,0,0,0,0,1011075.455,1011075.455,0
DUO858308/20260126,DUO858308,20260126,998656.2255,998656.2255,0,0,0,0,0,0,0,1000810.826,1000810.826,0
DUO858308/20260127,DUO858308,20260127,998656.2255,998656.2255,0,0,0,0,0,0,0,1000897.056,1000897.056,0
DUO858308/20260128,DUO858308,20260128,998656.2255,998656.2255,0,0,0,0,0,0,0,1000983.286,1000983.286,0
DUO858308/20260129,DUO858308,20260129,998656.2255,998656.2255,0,0,0,0,0,0,0,1001069.516,1001069.516,0
DUO858308/20260130,DUO858308,20260130,998656.2255,998656.2255,0,0,0,0,0,0,0,1001155.746,1001155.746,0
DUO858706/20260126,DUO858706,20260126,1002652.42,1002652.42,0,0,0,0,0,0,0,1004815.77,1004815.77,0
DUO858706/20260127,DUO858706,20260127,1002652.42,1002652.42,0,0,0,0,0,0,0,1004902.35,1004902.35,0
DUO858706/20260128,DUO858706,20260128,1002652.42,1002652.42,0,0,0,0,0,0,0,1004988.93,1004988.93,0
DUO858706/20260129,DUO858706,20260129,1002652.42,1002652.42,0,0,0,0,0,0,0,1005075.51,1005075.51,0
DUO858706/20260130,DUO858706,20260130,1002652.42,1002652.42,0,0,0,0,0,0,0,1005162.09,1005162.09,0
DUO858320/20260126,DUO858320,20260126,25882.651,25882.651,0,904841.08,904841.08,0,94051.4,94051.4,0,1026498.241,1026498.241,0
DUO858320/20260127,DUO858320,20260127,584596.3405,584596.3405,0,386546.27,386546.27,0,98028.4,98028.4,0,1070894.121,1070894.121,0
DUO858320/20260128,DUO858320,20260128,584596.3405,584596.3405,0,389985.82,389985.82,0,85781.2,85781.2,0,1062086.471,1062086.471,0
DUO858320/20260129,DUO858320,20260129,721248.0261,721248.0261,0,429314.72,429314.72,0,6162.8,6162.8,0,1158514.436,1158514.436,0
DUO858320/20260130,DUO858320,20260130,918327.8411,918327.8411,0,226192,226192,0,0,0,0,1146358.851,1146358.851,0
DUO858796/20260126,DUO858796,20260126,1002547.313,1002547.313,0,0,0,0,0,0,0,1004724.35,1004724.35,0
DUO858796/20260127,DUO858796,20260127,1002547.313,1002547.313,0,0,0,0,0,0,0,1004810.92,1004810.92,0
DUO858796/20260128,DUO858796,20260128,1002547.313,1002547.313,0,0,0,0,0,0,0,1004897.49,1004897.49,0
DUO858796/20260129,DUO858796,20260129,1002547.313,1002547.313,0,0,0,0,0,0,0,1004984.06,1004984.06,0
DUO858796/20260130,DUO858796,20260130,819304.3661,819304.3661,0,160770.13,543030.13,-382260,6650,6650,0,989247.8138,1371507.814,-382260
DUO858010/20260126,DUO858010,20260126,1002652.42,1002652.42,0,0,0,0,0,0,0,1004815.77,1004815.77,0
DUO858010/20260127,DUO858010,20260127,1002652.42,1002652.42,0,0,0,0,0,0,0,1004902.35,1004902.35,0
DUO858010/20260128,DUO858010,20260128,1002652.42,1002652.42,0,0,0,0,0,0,0,1004988.93,1004988.93,0
DUO858010/20260129,DUO858010,20260129,1002652.42,1002652.42,0,0,0,0,0,0,0,1005075.51,1005075.51,0
DUO858010/20260130,DUO858010,20260130,1002652.42,1002652.42,0,0,0,0,0,0,0,1005162.09,1005162.09,0
DUO858142/20260126,DUO858142,20260126,1002652.42,1002652.42,0,0,0,0,0,0,0,1004815.77,1004815.77,0
DUO858142/20260127,DUO858142,20260127,1002652.42,1002652.42,0,0,0,0,0,0,0,1004902.35,1004902.35,0
DUO858142/20260128,DUO858142,20260128,1002652.42,1002652.42,0,0,0,0,0,0,0,1004988.93,1004988.93,0
DUO858142/20260129,DUO858142,20260129,1002652.42,1002652.42,0,0,0,0,0,0,0,1005075.51,1005075.51,0
DUO858142/20260130,DUO858142,20260130,1002652.42,1002652.42,0,0,0,0,0,0,0,1005162.09,1005162.09,0
DUO858287/20260126,DUO858287,20260126,326407.4225,326407.4225,0,568482.4,635082.4,-66600,92974.41,92974.41,0,988582.9325,1055182.933,-66600
DUO858287/20260127,DUO858287,20260127,326407.4225,326407.4225,0,571988,640838,-68850,94409.88,94409.88,0,993524.0025,1062374.003,-68850
DUO858287/20260128,DUO858287,20260128,212842.4518,212842.4518,0,534419,599719,-65300,244011.16,244011.16,0,991972.1318,1057341.582,-65369.45
DUO858287/20260129,DUO858287,20260129,212842.4518,212842.4518,0,534336.8,594636.8,-60300,229498.4,229498.4,0,977286.4718,1037746.622,-60460.15
DUO858287/20260130,DUO858287,20260130,272711.4253,272711.4253,0,431736.3,559200.3,-127464,203846.94,203846.94,0,908849.2453,1036527.635,-127678.39
DUO858223/20260126,DUO858223,20260126,-726200.4257,39567.43,-765767.8557,1732684.5,1732684.5,0,0,0,0,1007172.694,1773410.93,-766238.2357
DUO858223/20260127,DUO858223,20260127,-732920.4257,32847.43,-765767.8557,1707696.9,1707696.9,0,0,0,0,975369.7043,1741703.33,-766333.6257
DUO858223/20260128,DUO858223,20260128,-730205.3757,35562.48,-765767.8557,1685658,1685658,0,0,0,0,955950.8643,1722379.48,-766428.6157
DUO858223/20260129,DUO858223,20260129,-725331.6257,40436.23,-765767.8557,1687954.6,1687954.6,0,0,0,0,963025.3543,1729549.83,-766524.4757
DUO858223/20260130,DUO858223,20260130,-730222.8757,35544.98,-765767.8557,1690414.5,1690414.5,0,0,0,0,960498.4943,1727118.48,-766619.9857
DUO858340/20260126,DUO858340,20260126,1002652.42,1002652.42,0,0,0,0,0,0,0,1004815.77,1004815.77,0
DUO858340/20260127,DUO858340,20260127,1002652.42,1002652.42,0,0,0,0,0,0,0,1004902.35,1004902.35,0
DUO858340/20260128,DUO858340,20260128,1002652.42,1002652.42,0,0,0,0,0,0,0,1004988.93,1004988.93,0
DUO858340/20260129,DUO858340,20260129,1002652.42,1002652.42,0,0,0,0,0,0,0,1005075.51,1005075.51,0
DUO858340/20260130,DUO858340,20260130,1002652.42,1002652.42,0,0,0,0,0,0,0,1005162.09,1005162.09,0
DUO858153/20260126,DUO858153,20260126,1002652.42,1002652.42,0,0,0,0,0,0,0,1004815.77,1004815.77,0
DUO858153/20260127,DUO858153,20260127,1002652.42,1002652.42,0,0,0,0,0,0,0,1004902.35,1004902.35,0
DUO858153/20260128,DUO858153,20260128,1002652.42,1002652.42,0,0,0,0,0,0,0,1004988.93,1004988.93,0
DUO858153/20260129,DUO858153,20260129,1002652.42,1002652.42,0,0,0,0,0,0,0,1005075.51,1005075.51,0
DUO858153/20260130,DUO858153,20260130,1002652.42,1002652.42,0,0,0,0,0,0,0,1005162.09,1005162.09,0
DUO858325/20260126,DUO858325,20260126,43740.46334,43740.46334,0,1165320,1165320,0,0,0,0,1211223.783,1211223.783,0
DUO858325/20260127,DUO858325,20260127,13431.85834,13431.85834,0,1286202,1286202,0,0,0,0,1301797.178,1301797.178,0
DUO858325/20260128,DUO858325,20260128,126251.0333,126251.0333,0,1192493.4,1192493.4,0,0,0,0,1320907.753,1320907.753,0
DUO858325/20260129,DUO858325,20260129,32064.45584,32064.45584,0,1263601.6,1263601.6,0,0,0,0,1297829.376,1297829.376,0
DUO858325/20260130,DUO858325,20260130,1441513.994,1441513.994,0,0,0,0,0,0,0,1443677.314,1443677.314,0
DUO859247/20260126,DUO859247,20260126,1121640.225,1121640.225,0,0,0,0,0,0,0,1123370.605,1123370.605,0
DUO859247/20260127,DUO859247,20260127,1110195.241,1110195.241,0,11565.6,11565.6,0,0,0,0,1123491.221,1123491.221,0
DUO859247/20260128,DUO859247,20260128,1110195.241,1110195.241,0,11473.68,11473.68,0,0,0,0,1123496.261,1123496.261,0
DUO859247/20260129,DUO859247,20260129,1110195.241,1110195.241,0,11320.36,11320.36,0,0,0,0,1123438.901,1123438.901,0
DUO859247/20260130,DUO859247,20260130,1110195.241,1110195.241,0,11326.09,11326.09,0,0,0,0,1123540.591,1123540.591,0
DUO858779/20260126,DUO858779,20260126,-80237.78487,0,-80237.78487,1098845.01,1098845.01,0,0,0,0,1019103.865,1099536.47,-80432.60487
DUO858779/20260127,DUO858779,20260127,-80237.78487,0,-80237.78487,1102474.1,1102474.1,0,0,0,0,1022732.955,1103165.56,-80432.60487
DUO858779/20260128,DUO858779,20260128,-80237.78487,0,-80237.78487,1101316.66,1101316.66,0,0,0,0,1021575.515,1102008.12,-80432.60487
DUO858779/20260129,DUO858779,20260129,-80237.78487,0,-80237.78487,1066677.19,1066677.19,0,0,0,0,986936.0451,1067368.65,-80432.60487
DUO858779/20260130,DUO858779,20260130,-80237.78487,0,-80237.78487,1090279.97,1090279.97,0,0,0,0,1010538.825,1090971.43,-80432.60487
DUO858355/20260126,DUO858355,20260126,1002652.42,1002652.42,0,0,0,0,0,0,0,1004815.77,1004815.77,0
DUO858355/20260127,DUO858355,20260127,1002652.42,1002652.42,0,0,0,0,0,0,0,1004902.35,1004902.35,0
DUO858355/20260128,DUO858355,20260128,1002652.42,1002652.42,0,0,0,0,0,0,0,1004988.93,1004988.93,0
DUO858355/20260129,DUO858355,20260129,1002652.42,1002652.42,0,0,0,0,0,0,0,1005075.51,1005075.51,0
DUO858355/20260130,DUO858355,20260130,1002652.42,1002652.42,0,0,0,0,0,0,0,1005162.09,1005162.09,0
DUO859347/20260126,DUO859347,20260126,1002652.42,1002652.42,0,0,0,0,0,0,0,1004815.77,1004815.77,0
DUO859347/20260127,DUO859347,20260127,1002652.42,1002652.42,0,0,0,0,0,0,0,1004902.35,1004902.35,0
DUO859347/20260128,DUO859347,20260128,1002652.42,1002652.42,0,0,0,0,0,0,0,1004988.93,1004988.93,0
DUO859347/20260129,DUO859347,20260129,1002652.42,1002652.42,0,0,0,0,0,0,0,1005075.51,1005075.51,0
DUO859347/20260130,DUO859347,20260130,1002652.42,1002652.42,0,0,0,0,0,0,0,1005162.09,1005162.09,0
DUO858573/20260126,DUO858573,20260126,1002652.42,1002652.42,0,0,0,0,0,0,0,1004815.77,1004815.77,0
DUO858573/20260127,DUO858573,20260127,1002652.42,1002652.42,0,0,0,0,0,0,0,1004902.35,1004902.35,0
DUO858573/20260128,DUO858573,20260128,1002652.42,1002652.42,0,0,0,0,0,0,0,1004988.93,1004988.93,0
DUO858573/20260129,DUO858573,20260129,1002652.42,1002652.42,0,0,0,0,0,0,0,1005075.51,1005075.51,0
DUO858573/20260130,DUO858573,20260130,1002652.42,1002652.42,0,0,0,0,0,0,0,1005162.09,1005162.09,0
DUO858786/20260126,DUO858786,20260126,570121.2823,570121.2823,0,537928.5,537928.5,0,42700,42700,0,1151797.832,1151797.832,0
DUO858786/20260127,DUO858786,20260127,616737.8923,616737.8923,0,494149.5,494149.5,0,49181,49181,0,1161116.442,1161116.442,0
DUO858786/20260128,DUO858786,20260128,616737.8923,616737.8923,0,490878,490878,0,45181,45181,0,1153942.652,1153942.652,0
DUO858786/20260129,DUO858786,20260129,616737.8923,616737.8923,0,492718.5,492718.5,0,53298.5,53298.5,0,1163953.572,1163953.572,0
DUO858786/20260130,DUO858786,20260130,570142.6028,570142.6028,0,491897,491897,0,77786.5,77786.5,0,1141077.703,1141077.703,0
DUO858245/20260126,DUO858245,20260126,994106.3192,994106.3192,0,-2461.2,76210.8,-78672,0,0,0,993592.9392,1072264.939,-78672
DUO858245/20260127,DUO858245,20260127,994106.3192,994106.3192,0,-3191.6,78080.4,-81272,0,0,0,992941.7492,1074213.749,-81272
DUO858245/20260128,DUO858245,20260128,994106.3192,994106.3192,0,-3372.16,81107.84,-84480,0,0,0,992839.9792,1077319.979,-84480
DUO858245/20260129,DUO858245,20260129,994106.3192,994106.3192,0,-3128.4,81327.6,-84456,0,0,0,993162.3192,1077618.319,-84456
DUO858245/20260130,DUO858245,20260130,994106.3192,994106.3192,0,12619.8,72971.8,-60352,0,0,0,1008988.819,1069340.819,-60352
DUO858332/20260126,DUO858332,20260126,1069538.398,1069538.398,0,0,0,0,0,0,0,1071258.098,1071258.098,0
DUO858332/20260127,DUO858332,20260127,1069538.398,1069538.398,0,0,0,0,0,0,0,1071350.518,1071350.518,0
DUO858332/20260128,DUO858332,20260128,1069538.398,1069538.398,0,0,0,0,0,0,0,1071442.938,1071442.938,0
DUO858332/20260129,DUO858332,20260129,1069538.398,1069538.398,0,0,0,0,0,0,0,1071535.358,1071535.358,0
DUO858332/20260130,DUO858332,20260130,1069538.398,1069538.398,0,0,0,0,0,0,0,1071627.778,1071627.778,0
DUO858216/20260126,DUO858216,20260126,952722.925,952722.925,0,52092.5,52092.5,0,0,0,0,1006917.875,1006917.875,0
DUO858216/20260127,DUO858216,20260127,865931.425,865931.425,0,139349.55,139349.55,0,0,0,0,1007465.655,1007465.655,0
DUO858216/20260128,DUO858216,20260128,865931.425,865931.425,0,145563.23,145563.23,0,0,0,0,1013761.565,1013761.565,0
DUO858216/20260129,DUO858216,20260129,865931.425,865931.425,0,142235.09,142235.09,0,0,0,0,1010508.085,1010508.085,0
DUO858216/20260130,DUO858216,20260130,1083928.23,1083928.23,0,-82799.1,137500.9,-220300,0,0,0,1003545.36,1223845.36,-220300
DUO858311/20260126,DUO858311,20260126,1002652.42,1002652.42,0,0,0,0,0,0,0,1004815.77,1004815.77,0
DUO858311/20260127,DUO858311,20260127,1002652.42,1002652.42,0,0,0,0,0,0,0,1004902.35,1004902.35,0
DUO858311/20260128,DUO858311,20260128,1002652.42,1002652.42,0,0,0,0,0,0,0,1004988.93,1004988.93,0
DUO858311/20260129,DUO858311,20260129,1002652.42,1002652.42,0,0,0,0,0,0,0,1005075.51,1005075.51,0
DUO858311/20260130,DUO858311,20260130,1002652.42,1002652.42,0,0,0,0,0,0,0,1005162.09,1005162.09,0
DUO858345/20260126,DUO858345,20260126,355042.5034,355042.5034,0,634894,634894,0,0,0,0,991023.0734,991023.0734,0
DUO858345/20260127,DUO858345,20260127,355042.5034,355042.5034,0,641660.2,641660.2,0,0,0,0,997789.2734,997789.2734,0
DUO858345/20260128,DUO858345,20260128,355042.5034,355042.5034,0,642364,642364,0,0,0,0,998553.2734,998553.2734,0
DUO858345/20260129,DUO858345,20260129,355042.5034,355042.5034,0,638799.2,638799.2,0,0,0,0,994988.4734,994988.4734,0
DUO858345/20260130,DUO858345,20260130,355042.5034,355042.5034,0,642235.8,642235.8,0,0,0,0,998485.2734,998485.2734,0
DUO858204/20260126,DUO858204,20260126,946875.9201,946875.9201,0,0,0,0,-1715.88,2945,-4660.88,947104.3701,951765.2501,-4660.88
DUO858204/20260127,DUO858204,20260127,946875.9201,946875.9201,0,0,0,0,-3285,3036,-6321,945535.2501,951856.2501,-6321
DUO858204/20260128,DUO858204,20260128,946875.9201,946875.9201,0,0,0,0,-3211.96,2572,-5783.96,945724.7701,951508.7301,-5783.96
DUO858204/20260129,DUO858204,20260129,946875.9201,946875.9201,0,0,0,0,-3001,3026,-6027,946011.0501,952038.0501,-6027
DUO858204/20260130,DUO858204,20260130,946875.9201,946875.9201,0,0,0,0,-3343.54,2755,-6098.54,945743.8301,951842.3701,-6098.54
DUO858183/20260202,DUO858183,20260202,1307990.83,1307990.83,0,0,0,0,0,0,0,1310852.3,1310852.3,0
DUO858183/20260203,DUO858183,20260203,1256701.53,1256701.53,0,0,0,0,97026,97026,0,1356686.54,1356686.54,0
DUO858183/20260204,DUO858183,20260204,1274259.249,1274259.249,0,0,0,0,0,0,0,1274565.809,1274565.809,0
DUO858183/20260205,DUO858183,20260205,1274259.249,1274259.249,0,0,0,0,0,0,0,1274674.769,1274674.769,0
DUO858183/20260206,DUO858183,20260206,1011258.199,1011258.199,0,0,0,0,39065,39065,0,1050848.989,1050848.989,0
DUO858293/20260202,DUO858293,20260202,1002652.42,1002652.42,0,0,0,0,0,0,0,1005421.83,1005421.83,0
DUO858293/20260203,DUO858293,20260203,1002652.42,1002652.42,0,0,0,0,0,0,0,1005508.41,1005508.41,0
DUO858293/20260204,DUO858293,20260204,1005335.25,1005335.25,0,0,0,0,0,0,0,1005594.99,1005594.99,0
DUO858293/20260205,DUO858293,20260205,1005335.25,1005335.25,0,0,0,0,0,0,0,1005681.81,1005681.81,0
DUO858293/20260206,DUO858293,20260206,1005335.25,1005335.25,0,0,0,0,0,0,0,1005768.63,1005768.63,0
DUO858241/20260202,DUO858241,20260202,1002652.42,1002652.42,0,0,0,0,0,0,0,1005421.83,1005421.83,0
DUO858241/20260203,DUO858241,20260203,1002652.42,1002652.42,0,0,0,0,0,0,0,1005508.41,1005508.41,0
DUO858241/20260204,DUO858241,20260204,1005335.25,1005335.25,0,0,0,0,0,0,0,1005594.99,1005594.99,0
DUO858241/20260205,DUO858241,20260205,1005335.25,1005335.25,0,0,0,0,0,0,0,1005681.81,1005681.81,0
DUO858241/20260206,DUO858241,20260206,1005335.25,1005335.25,0,0,0,0,0,0,0,1005768.63,1005768.63,0
DUO858732/20260202,DUO858732,20260202,244889.3941,244889.3941,0,799756.47,799756.47,0,0,0,0,1045308.734,1045309.154,-0.42
DUO858732/20260203,DUO858732,20260203,227888.3591,227888.3591,0,792881.3,792881.3,0,19723.7,19723.7,0,1041156.229,1041156.649,-0.42
DUO858732/20260204,DUO858732,20260204,228551.2291,228551.2291,0,781855.56,781855.56,0,21825,21825,0,1032293.459,1032293.459,0
DUO858732/20260205,DUO858732,20260205,228551.2291,228551.2291,0,781081.14,781081.14,0,35315.8,35315.8,0,1045009.839,1045009.839,0
DUO858732/20260206,DUO858732,20260206,228551.2291,228551.2291,0,773221.08,773221.08,0,19715.2,19715.2,0,1021549.179,1021549.179,0
DUO860245/20260202,DUO860245,20260202,604248.3715,604248.3715,0,416251.5,490611.5,-74360,0,0,0,1018993.051,1095011.171,-76018.12
DUO860245/20260203,DUO860245,20260203,604248.3715,604248.3715,0,429911.5,503351.5,-73440,0,0,0,1032717.161,1107815.281,-75098.12
DUO860245/20260204,DUO860245,20260204,710961.764,710961.764,0,306532.5,376522.5,-69990,0,0,0,1017461.174,1087548.374,-70087.2
DUO860245/20260205,DUO860245,20260205,-6065.21105,0,-6065.21105,982270.5,1048600.5,-66330,0,0,0,976262.569,1048754.98,-72492.41105
DUO860245/20260206,DUO860245,20260206,-184090.7111,0,-184090.7111,1158449,1228859,-70410,0,0,0,974470.419,1229068.33,-254597.9111
DUO858565/20260202,DUO858565,20260202,7625.480675,7625.480675,0,1036619.34,1036619.34,0,0,0,0,1044309.531,1044309.531,0
DUO858565/20260203,DUO858565,20260203,7625.480675,7625.480675,0,1021511.73,1021511.73,0,0,0,0,1029201.921,1029201.921,0
DUO858565/20260204,DUO858565,20260204,7690.190675,7690.190675,0,1001724.66,1001724.66,0,0,0,0,1009414.851,1009414.851,0
DUO858565/20260205,DUO858565,20260205,8407.475075,8407.475075,0,989297.74,989297.74,0,0,0,0,997705.2151,997705.2151,0
DUO858565/20260206,DUO858565,20260206,8407.475075,8407.475075,0,1016278.97,1016278.97,0,0,0,0,1024686.445,1024686.445,0
DUO860184/20260202,DUO860184,20260202,230577.8508,230577.8508,0,633700.6,633700.6,0,0,0,0,865299.0608,865737.3308,-438.27
DUO860184/20260203,DUO860184,20260203,230577.8508,230577.8508,0,644592.69,644592.69,0,0,0,0,876191.1508,876629.4208,-438.27
DUO860184/20260204,DUO860184,20260204,231685.6608,231685.6608,0,629335.7,629335.7,0,0,0,0,860934.1608,861021.3608,-87.2
DUO860184/20260205,DUO860184,20260205,231685.6608,231685.6608,0,611402.22,611402.22,0,0,0,0,843058.5008,843145.7008,-87.2
DUO860184/20260206,DUO860184,20260206,231685.6608,231685.6608,0,630638.6,630638.6,0,0,0,0,862294.8808,862382.0808,-87.2
DUO858580/20260202,DUO858580,20260202,3920.6892,3920.6892,0,1042973.5,1042973.5,0,0,0,0,1046980.529,1046980.529,0
DUO858580/20260203,DUO858580,20260203,3920.6892,3920.6892,0,1030746.6,1030746.6,0,0,0,0,1034753.629,1034753.629,0
DUO858580/20260204,DUO858580,20260204,4007.0292,4007.0292,0,1005414.9,1005414.9,0,0,0,0,1009421.929,1009421.929,0
DUO858580/20260205,DUO858580,20260205,4007.0292,4007.0292,0,986639.3,986639.3,0,0,0,0,990646.3292,990646.3292,0
DUO858580/20260206,DUO858580,20260206,4007.0292,4007.0292,0,1012633.7,1012633.7,0,0,0,0,1016640.729,1016640.729,0
DUO858257/20260202,DUO858257,20260202,805954.92,805954.92,0,181690.6,181690.6,0,0,0,0,990114.95,990114.95,0
DUO858257/20260203,DUO858257,20260203,805954.92,805954.92,0,184798,184798,0,0,0,0,993291.77,993291.77,0
DUO858257/20260204,DUO858257,20260204,808354.93,808354.93,0,172000.2,172000.2,0,0,0,0,980563.39,980563.39,0
DUO858257/20260205,DUO858257,20260205,808354.93,808354.93,0,165505.2,165505.2,0,0,0,0,974138.02,974138.02,0
DUO858257/20260206,DUO858257,20260206,808354.93,808354.93,0,173274.4,173274.4,0,0,0,0,981976.85,981976.85,0
DUO858280/20260202,DUO858280,20260202,50938.35069,50938.35069,0,1014229.68,1014229.68,0,0,0,0,1065407.611,1065407.611,0
DUO858280/20260203,DUO858280,20260203,50938.35069,50938.35069,0,1024771.88,1024771.88,0,0,0,0,1075949.811,1075949.811,0
DUO858280/20260204,DUO858280,20260204,51177.93069,51177.93069,0,1044038,1044038,0,0,0,0,1095215.931,1095215.931,0
DUO858280/20260205,DUO858280,20260205,51177.93069,51177.93069,0,1041122.32,1041122.32,0,0,0,0,1092300.251,1092300.251,0
DUO858280/20260206,DUO858280,20260206,51177.93069,51177.93069,0,1065798.04,1065798.04,0,0,0,0,1116975.971,1116975.971,0
DUO858271/20260202,DUO858271,20260202,303453.6224,303453.6224,0,706950.54,706950.54,0,11210.85,11210.85,0,1021935.322,1021935.832,-0.51
DUO858271/20260203,DUO858271,20260203,303453.6224,303453.6224,0,694604.24,694604.24,0,12722.3,12722.3,0,1011151.322,1011151.832,-0.51
DUO858271/20260204,DUO858271,20260204,133531.3424,133531.3424,0,670125.34,670125.34,0,162840.15,162840.15,0,966547.6824,966547.6824,0
DUO858271/20260205,DUO858271,20260205,133531.3424,133531.3424,0,662392.83,662392.83,0,149145.55,149145.55,0,945171.7824,945171.7824,0
DUO858271/20260206,DUO858271,20260206,208964.28,208964.28,0,517387.2,517387.2,0,339544,339544,0,1065997.54,1065997.54,0
DUO880904/20260202,DUO880904,20260202,1002559.19,1002559.19,0,0,0,0,0,0,0,1005328.33,1005328.33,0
DUO880904/20260203,DUO880904,20260203,1002559.19,1002559.19,0,0,0,0,0,0,0,1005414.9,1005414.9,0
DUO880904/20260204,DUO880904,20260204,1005241.76,1005241.76,0,0,0,0,0,0,0,1005501.47,1005501.47,0
DUO880904/20260205,DUO880904,20260205,1005241.76,1005241.76,0,0,0,0,0,0,0,1005588.28,1005588.28,0
DUO880904/20260206,DUO880904,20260206,1005241.76,1005241.76,0,0,0,0,0,0,0,1005675.09,1005675.09,0
DUO860400/20260202,DUO860400,20260202,426981.3406,426981.3406,0,356339.4,420756,-64416.6,0,0,0,782546.2906,848516.4306,-65970.14
DUO860400/20260203,DUO860400,20260203,384169.7543,384169.7543,0,347239.6,410236.6,-62997,54851,54851,0,785485.9043,850036.4443,-64550.54
DUO860400/20260204,DUO860400,20260204,464381.3922,464381.3922,0,341524.9,403108.3,-61583.4,0,0,0,805878.9722,867550.9422,-61671.97
DUO860400/20260205,DUO860400,20260205,464381.3922,464381.3922,0,347289.4,408332.2,-61042.8,0,0,0,811643.4722,872774.8422,-61131.37
DUO860400/20260206,DUO860400,20260206,464381.3922,464381.3922,0,376387.5,435492,-59104.5,0,0,0,840802.6722,899995.7422,-59193.07
DUO858195/20260202,DUO858195,20260202,1045689.655,1045689.655,0,0,0,0,0,0,0,1048463.425,1048463.425,0
DUO858195/20260203,DUO858195,20260203,938452.4618,938452.4618,0,0,0,0,69387.2,69387.2,0,1010700.952,1010700.952,0
DUO858195/20260204,DUO858195,20260204,941138.9618,941138.9618,0,0,0,0,10795,10795,0,952199.0218,952199.0218,0
DUO858195/20260205,DUO858195,20260205,942419.055,942419.055,0,0,0,0,0,0,0,942765.335,942765.335,0
DUO858195/20260206,DUO858195,20260206,896834.7207,896834.7207,0,0,0,0,0,0,0,897262.2107,897262.2107,0
DUO858694/20260202,DUO858694,20260202,827621.1949,827621.1949,0,179413.59,179413.59,0,0,0,0,1009317.785,1009317.785,0
DUO858694/20260203,DUO858694,20260203,827621.1949,827621.1949,0,178791.78,178791.78,0,0,0,0,1008767.285,1008767.285,0
DUO858694/20260204,DUO858694,20260204,829832.8849,829832.8849,0,177235.83,177235.83,0,0,0,0,1007282.645,1007282.645,0
DUO858694/20260205,DUO858694,20260205,829832.8849,829832.8849,0,174768.31,174768.31,0,0,0,0,1004886.635,1004886.635,0
DUO858694/20260206,DUO858694,20260206,829832.8849,829832.8849,0,178575.71,178575.71,0,0,0,0,1008765.545,1008765.545,0
DUO858167/20260202,DUO858167,20260202,637526.8457,637526.8457,0,174030,174030,0,12173.4,12173.4,0,825576.6057,825576.6057,0
DUO858167/20260203,DUO858167,20260203,637163.3388,637163.3388,0,166470,166470,0,19123.05,19123.05,0,824685.3788,824685.3788,0
DUO858167/20260204,DUO858167,20260204,207340.2225,207340.2225,0,596047,596047,0,0,0,0,803524.5825,803524.5825,0
DUO858167/20260205,DUO858167,20260205,615711.5853,615711.5853,0,159315,159315,0,0,0,0,775218.8053,775218.8053,0
DUO858167/20260206,DUO858167,20260206,615711.5853,615711.5853,0,171090,171090,0,0,0,0,786993.8053,786993.8053,0
DUO858213/20260202,DUO858213,20260202,299959.54,299959.54,0,174030,174030,0,261788,261788,0,737792.24,737792.24,0
DUO858213/20260203,DUO858213,20260203,124857.34,124857.34,0,178040,178040,0,353574,353574,0,658486.04,658486.04,0
DUO858213/20260204,DUO858213,20260204,228218.376,228218.376,0,181230,181230,0,138363,248316,-109953,547811.376,657764.376,-109953
DUO858213/20260205,DUO858213,20260205,208065.8695,208065.8695,0,179230,179230,0,68660,68660,0,455955.8695,455955.8695,0
DUO858213/20260206,DUO858213,20260206,208065.8695,208065.8695,0,180860,180860,0,164800,164800,0,553783.0895,553783.0895,0
DUO859340/20260202,DUO859340,20260202,1002652.42,1002652.42,0,0,0,0,0,0,0,1005421.83,1005421.83,0
DUO859340/20260203,DUO859340,20260203,1002652.42,1002652.42,0,0,0,0,0,0,0,1005508.41,1005508.41,0
DUO859340/20260204,DUO859340,20260204,1005335.25,1005335.25,0,0,0,0,0,0,0,1005594.99,1005594.99,0
DUO859340/20260205,DUO859340,20260205,1005335.25,1005335.25,0,0,0,0,0,0,0,1005681.81,1005681.81,0
DUO859340/20260206,DUO859340,20260206,1005335.25,1005335.25,0,0,0,0,0,0,0,1005768.63,1005768.63,0
DUO858252/20260202,DUO858252,20260202,4946.7448,4946.7448,0,1008741.83,1008741.83,0,0,0,0,1014294.745,1014294.745,0
DUO858252/20260203,DUO858252,20260203,4946.7448,4946.7448,0,1004948.12,1004948.12,0,0,0,0,1010501.035,1010501.035,0
DUO858252/20260204,DUO858252,20260204,5552.9148,5552.9148,0,998195.57,998195.57,0,0,0,0,1003748.485,1003748.485,0
DUO858252/20260205,DUO858252,20260205,5552.9148,5552.9148,0,992748.58,992748.58,0,0,0,0,998301.4948,998301.4948,0
DUO858252/20260206,DUO858252,20260206,5552.9148,5552.9148,0,1011729.68,1011729.68,0,0,0,0,1017282.595,1017282.595,0
DUO858308/20260202,DUO858308,20260202,998656.2255,998656.2255,0,0,0,0,0,0,0,1001414.436,1001414.436,0
DUO858308/20260203,DUO858308,20260203,998656.2255,998656.2255,0,0,0,0,0,0,0,1001500.666,1001500.666,0
DUO858308/20260204,DUO858308,20260204,1001328.206,1001328.206,0,0,0,0,0,0,0,1001586.896,1001586.896,0
DUO858308/20260205,DUO858308,20260205,1001328.206,1001328.206,0,0,0,0,0,0,0,1001673.366,1001673.366,0
DUO858308/20260206,DUO858308,20260206,1001328.206,1001328.206,0,0,0,0,0,0,0,1001759.836,1001759.836,0
DUO858706/20260202,DUO858706,20260202,1002652.42,1002652.42,0,0,0,0,0,0,0,1005421.83,1005421.83,0
DUO858706/20260203,DUO858706,20260203,1001055.878,1001055.878,0,0,0,0,1754.22,1754.22,0,1005666.088,1005666.088,0
DUO858706/20260204,DUO858706,20260204,1003738.708,1003738.708,0,0,0,0,1845,1845,0,1005843.448,1005843.448,0
DUO858706/20260205,DUO858706,20260205,1002361.415,1002361.415,0,0,0,0,2351.16,2351.16,0,1005058.995,1005058.995,0
DUO858706/20260206,DUO858706,20260206,1002361.415,1002361.415,0,0,0,0,3228.24,3228.24,0,1006022.755,1006022.755,0
DUO858320/20260202,DUO858320,20260202,918327.8411,918327.8411,0,225560,225560,0,0,0,0,1145912.941,1145912.941,0
DUO858320/20260203,DUO858320,20260203,918327.8411,918327.8411,0,226800,226800,0,0,0,0,1147232.171,1147232.171,0
DUO858320/20260204,DUO858320,20260204,920290.9111,920290.9111,0,226716,226716,0,0,0,0,1147227.401,1147227.401,0
DUO858320/20260205,DUO858320,20260205,317779.5328,317779.5328,0,0,0,0,679240.7,679240.7,0,997320.1228,997320.1228,0
DUO858320/20260206,DUO858320,20260206,-2329453.96,0,-2329453.96,3331972,3331972,0,315152,315152,0,1318049.25,3647503.21,-2329453.96
DUO858796/20260202,DUO858796,20260202,819304.3661,819304.3661,0,182886.92,554106.92,-371220,8520.1,8520.1,0,1013494.414,1384714.414,-371220
DUO858796/20260203,DUO858796,20260203,819304.3661,819304.3661,0,188769.84,549449.84,-360680,7647,7647,0,1018504.234,1379184.234,-360680
DUO858796/20260204,DUO858796,20260204,821986.9361,821986.9361,0,203476.27,551856.27,-348380,6549.8,6549.8,0,1032187.474,1380567.474,-348380
DUO858796/20260205,DUO858796,20260205,821986.9361,821986.9361,0,208175.85,551935.85,-343760,10362.8,10362.8,0,1040700.054,1384460.054,-343760
DUO858796/20260206,DUO858796,20260206,821986.9361,821986.9361,0,201071.44,571891.44,-370820,10330.4,10330.4,0,1033703.784,1404523.784,-370820
DUO858010/20260202,DUO858010,20260202,1002652.42,1002652.42,0,0,0,0,0,0,0,1005421.83,1005421.83,0
DUO858010/20260203,DUO858010,20260203,1002652.42,1002652.42,0,0,0,0,0,0,0,1005508.41,1005508.41,0
DUO858010/20260204,DUO858010,20260204,1005335.25,1005335.25,0,0,0,0,0,0,0,1005594.99,1005594.99,0
DUO858010/20260205,DUO858010,20260205,1005335.25,1005335.25,0,0,0,0,0,0,0,1005681.81,1005681.81,0
DUO858010/20260206,DUO858010,20260206,1005335.25,1005335.25,0,0,0,0,0,0,0,1005768.63,1005768.63,0
DUO858142/20260202,DUO858142,20260202,1002652.42,1002652.42,0,0,0,0,0,0,0,1005421.83,1005421.83,0
DUO858142/20260203,DUO858142,20260203,1002652.42,1002652.42,0,0,0,0,0,0,0,1005508.41,1005508.41,0
DUO858142/20260204,DUO858142,20260204,1005335.25,1005335.25,0,0,0,0,0,0,0,1005594.99,1005594.99,0
DUO858142/20260205,DUO858142,20260205,1005335.25,1005335.25,0,0,0,0,0,0,0,1005681.81,1005681.81,0
DUO858142/20260206,DUO858142,20260206,1005335.25,1005335.25,0,0,0,0,0,0,0,1005768.63,1005768.63,0
DUO858287/20260202,DUO858287,20260202,421117.8581,421117.8581,0,276328.8,526488.8,-250160,223903.78,223903.78,0,921893.0381,1172336.088,-250443.05
DUO858287/20260203,DUO858287,20260203,867701.252,867701.252,0,-108426.5,397723.5,-506150,146895.27,180495.27,-33600,906648.042,1446745.672,-540097.63
DUO858287/20260204,DUO858287,20260204,1117594.951,1117594.951,0,-380348,131082,-511430,190415.1,241389.8,-50974.7,927597.4709,1490066.751,-562469.28
DUO858287/20260205,DUO858287,20260205,1061613.23,1061613.23,0,-436215,0,-436215,468645.78,556160.48,-87514.7,1094045.63,1617839.91,-523794.28
DUO858287/20260206,DUO858287,20260206,878850.3646,878850.3646,0,-300050,0,-300050,217399.85,251449.85,-34050,796252.2746,1130416.855,-334164.58
DUO858223/20260202,DUO858223,20260202,-731946.6257,33821.23,-765767.8557,1694363.7,1694363.7,0,0,0,0,962450.0843,1729354.71,-766904.6257
DUO858223/20260203,DUO858223,20260203,-727379.1257,38388.73,-765767.8557,1651281.4,1651281.4,0,0,0,0,923839.7743,1690839.91,-767000.1357
DUO858223/20260204,DUO858223,20260204,-731389.9857,34249.98,-765639.9657,1755498.8,1755498.8,0,0,0,0,1023822.694,1789748.78,-765926.0857
DUO858223/20260205,DUO858223,20260205,-731897.4857,33742.48,-765639.9657,1646934.6,1646934.6,0,0,0,0,914655.8643,1680677.08,-766021.2157
DUO858223/20260206,DUO858223,20260206,-730829.9857,34809.98,-765639.9657,1706502.2,1706502.2,0,0,0,0,975195.3043,1741312.18,-766116.8757
DUO858340/20260202,DUO858340,20260202,1002652.42,1002652.42,0,0,0,0,0,0,0,1005421.83,1005421.83,0
DUO858340/20260203,DUO858340,20260203,1002652.42,1002652.42,0,0,0,0,0,0,0,1005508.41,1005508.41,0
DUO858340/20260204,DUO858340,20260204,1005335.25,1005335.25,0,0,0,0,0,0,0,1005594.99,1005594.99,0
DUO858340/20260205,DUO858340,20260205,1005335.25,1005335.25,0,0,0,0,0,0,0,1005681.81,1005681.81,0
DUO858340/20260206,DUO858340,20260206,1005335.25,1005335.25,0,0,0,0,0,0,0,1005768.63,1005768.63,0
DUO858153/20260202,DUO858153,20260202,1002652.42,1002652.42,0,0,0,0,0,0,0,1005421.83,1005421.83,0
DUO858153/20260203,DUO858153,20260203,1002652.42,1002652.42,0,0,0,0,0,0,0,1005508.41,1005508.41,0
DUO858153/20260204,DUO858153,20260204,1005335.25,1005335.25,0,0,0,0,0,0,0,1005594.99,1005594.99,0
DUO858153/20260205,DUO858153,20260205,1005335.25,1005335.25,0,0,0,0,0,0,0,1005681.81,1005681.81,0
DUO858153/20260206,DUO858153,20260206,1005335.25,1005335.25,0,0,0,0,0,0,0,1005768.63,1005768.63,0
DUO858325/20260202,DUO858325,20260202,26623.65421,26623.65421,0,1486240,1486240,0,0,0,0,1515043.914,1515043.914,0
DUO858325/20260203,DUO858325,20260203,2538.89546,2538.89546,0,0,0,0,1376824.77,1376824.77,0,1381670.565,1381670.565,0
DUO858325/20260204,DUO858325,20260204,7377.29828,7377.29828,0,0,0,0,942231.3,942231.3,0,949735.2383,949735.2383,0
DUO858325/20260205,DUO858325,20260205,7377.29828,7377.29828,0,0,0,0,569925,569925,0,577428.9383,577428.9383,0
DUO858325/20260206,DUO858325,20260206,1258515.985,1258515.985,0,0,0,0,0,0,0,1258642.625,1258642.625,0
DUO859247/20260202,DUO859247,20260202,1110195.241,1110195.241,0,11254.09,11254.09,0,0,0,0,1123756.471,1123756.471,0
DUO859247/20260203,DUO859247,20260203,1161537.822,1161537.822,0,-38981.41,0,-38981.41,0,0,0,1124959.512,1163940.922,-38981.41
DUO859247/20260204,DUO859247,20260204,1163749.002,1163749.002,0,-37882.17,0,-37882.17,0,0,0,1126154.712,1164036.882,-37882.17
DUO859247/20260205,DUO859247,20260205,1163749.002,1163749.002,0,-36718.11,0,-36718.11,0,0,0,1127415.962,1164134.072,-36718.11
DUO859247/20260206,DUO859247,20260206,1163749.002,1163749.002,0,-36864.54,0,-36864.54,0,0,0,1127366.812,1164231.352,-36864.54
DUO858779/20260202,DUO858779,20260202,216313.2178,216313.2178,0,761819.63,761819.63,0,0,0,0,978560.7278,978824.3078,-263.58
DUO858779/20260203,DUO858779,20260203,216313.2178,216313.2178,0,760778.3,760778.3,0,0,0,0,977519.3978,977782.9778,-263.58
DUO858779/20260204,DUO858779,20260204,216741.0978,216741.0978,0,747536.49,747536.49,0,0,0,0,964277.5878,964277.5878,0
DUO858779/20260205,DUO858779,20260205,216741.0978,216741.0978,0,734086.32,734086.32,0,0,0,0,950827.4178,950827.4178,0
DUO858779/20260206,DUO858779,20260206,216741.0978,216741.0978,0,761812.81,761812.81,0,0,0,0,978607.9678,978607.9678,0
DUO858355/20260202,DUO858355,20260202,1002652.42,1002652.42,0,0,0,0,0,0,0,1005421.83,1005421.83,0
DUO858355/20260203,DUO858355,20260203,1002652.42,1002652.42,0,0,0,0,0,0,0,1005508.41,1005508.41,0
DUO858355/20260204,DUO858355,20260204,1005335.25,1005335.25,0,0,0,0,0,0,0,1005594.99,1005594.99,0
DUO858355/20260205,DUO858355,20260205,1005335.25,1005335.25,0,0,0,0,0,0,0,1005681.81,1005681.81,0
DUO858355/20260206,DUO858355,20260206,1005335.25,1005335.25,0,0,0,0,0,0,0,1005768.63,1005768.63,0
DUO859347/20260202,DUO859347,20260202,1002652.42,1002652.42,0,0,0,0,0,0,0,1005421.83,1005421.83,0
DUO859347/20260203,DUO859347,20260203,1002652.42,1002652.42,0,0,0,0,0,0,0,1005508.41,1005508.41,0
DUO859347/20260204,DUO859347,20260204,1018000,1018000,0,0,0,0,0,0,0,830147.52,1018000,0
DUO859347/20260205,DUO859347,20260205,1018000,1018000,0,0,0,0,0,0,0,830147.52,1018000,0
DUO859347/20260206,DUO859347,20260206,1018000,1018000,0,0,0,0,0,0,0,830147.52,1018000,0
DUO858573/20260202,DUO858573,20260202,1002652.42,1002652.42,0,0,0,0,0,0,0,1005421.83,1005421.83,0
DUO858573/20260203,DUO858573,20260203,1002652.42,1002652.42,0,0,0,0,0,0,0,1005508.41,1005508.41,0
DUO858573/20260204,DUO858573,20260204,1005335.25,1005335.25,0,0,0,0,0,0,0,1005594.99,1005594.99,0
DUO858573/20260205,DUO858573,20260205,1005335.25,1005335.25,0,0,0,0,0,0,0,1005681.81,1005681.81,0
DUO858573/20260206,DUO858573,20260206,1005335.25,1005335.25,0,0,0,0,0,0,0,1005768.63,1005768.63,0
DUO858786/20260202,DUO858786,20260202,675837.0513,675837.0513,0,501941.5,501941.5,0,0,0,0,1179188.911,1179188.911,0
DUO858786/20260203,DUO858786,20260203,675837.0513,675837.0513,0,496138.5,496138.5,0,0,0,0,1173385.911,1173385.911,0
DUO858786/20260204,DUO858786,20260204,677194.4913,677194.4913,0,495380.5,495380.5,0,0,0,0,1172734.841,1172734.841,0
DUO858786/20260205,DUO858786,20260205,677194.4913,677194.4913,0,494463.5,494463.5,0,0,0,0,1171876.031,1171876.031,0
DUO858786/20260206,DUO858786,20260206,677194.4913,677194.4913,0,501226,501226,0,0,0,0,1178696.721,1178696.721,0
DUO858245/20260202,DUO858245,20260202,1064566.247,1064566.247,0,-57952,0,-57952,0,0,0,1009079.407,1067063.847,-57984.44
DUO858245/20260203,DUO858245,20260203,1064566.247,1064566.247,0,-61568,0,-61568,0,0,0,1005543.867,1067144.307,-61600.44
DUO858245/20260204,DUO858245,20260204,1066953.107,1066953.107,0,-63344,0,-63344,0,0,0,1003854.687,1067198.687,-63344
DUO858245/20260205,DUO858245,20260205,1066953.107,1066953.107,0,-53352,0,-53352,0,0,0,1013933.367,1067285.367,-53352
DUO858245/20260206,DUO858245,20260206,1066953.107,1066953.107,0,-56152,0,-56152,0,0,0,1011219.907,1067371.907,-56152
DUO858332/20260202,DUO858332,20260202,1069538.398,1069538.398,0,0,0,0,0,0,0,1071905.038,1071905.038,0
DUO858332/20260203,DUO858332,20260203,9016.8984,9016.8984,0,1064006,1064006,0,0,0,0,1075481.958,1075481.958,0
DUO858332/20260204,DUO858332,20260204,11291.1184,11291.1184,0,1027721,1027721,0,0,0,0,1039289.368,1039289.368,0
DUO858332/20260205,DUO858332,20260205,1042581.468,1042581.468,0,0,0,0,0,0,0,1042858.718,1042858.718,0
DUO858332/20260206,DUO858332,20260206,240692.6669,240692.6669,0,797647,797647,0,0,0,0,1038616.917,1038616.917,0
DUO858216/20260202,DUO858216,20260202,1083928.23,1083928.23,0,-87781.67,134028.33,-221810,0,0,0,998786.77,1220596.77,-221810
DUO858216/20260203,DUO858216,20260203,1083928.23,1083928.23,0,-72379.56,139790.44,-212170,0,0,0,1014262.93,1226432.93,-212170
DUO858216/20260204,DUO858216,20260204,634072.69,634072.69,0,375859.53,375859.53,0,0,0,0,1010154.8,1010154.8,0
DUO858216/20260205,DUO858216,20260205,634072.69,634072.69,0,361293.53,361293.53,0,0,0,0,995663.77,995663.77,0
DUO858216/20260206,DUO858216,20260206,634072.69,634072.69,0,369195.46,369195.46,0,0,0,0,1003620.13,1003620.13,0
DUO858311/20260202,DUO858311,20260202,1002652.42,1002652.42,0,0,0,0,0,0,0,1005421.83,1005421.83,0
DUO858311/20260203,DUO858311,20260203,1002652.42,1002652.42,0,0,0,0,0,0,0,1005508.41,1005508.41,0
DUO858311/20260204,DUO858311,20260204,1005335.25,1005335.25,0,0,0,0,0,0,0,1005594.99,1005594.99,0
DUO858311/20260205,DUO858311,20260205,1005335.25,1005335.25,0,0,0,0,0,0,0,1005681.81,1005681.81,0
DUO858311/20260206,DUO858311,20260206,1005335.25,1005335.25,0,0,0,0,0,0,0,1005768.63,1005768.63,0
DUO858345/20260202,DUO858345,20260202,355042.5034,355042.5034,0,644921.6,644921.6,0,0,0,0,1001231.273,1001231.273,0
DUO858345/20260203,DUO858345,20260203,355042.5034,355042.5034,0,636923.2,636923.2,0,0,0,0,993293.0734,993293.0734,0
DUO858345/20260204,DUO858345,20260204,356309.6734,356309.6734,0,627710.8,627710.8,0,0,0,0,984080.6734,984080.6734,0
DUO858345/20260205,DUO858345,20260205,356309.6734,356309.6734,0,620794.6,620794.6,0,0,0,0,977224.7834,977224.7834,0
DUO858345/20260206,DUO858345,20260206,356309.6734,356309.6734,0,642078.4,642078.4,0,0,0,0,998508.5834,998508.5834,0
DUO858204/20260202,DUO858204,20260202,1043559.124,1043559.124,0,0,0,0,-88815,77566,-166381,957181.5341,1123562.534,-166381
DUO858204/20260203,DUO858204,20260203,1043559.124,1043559.124,0,0,0,0,-119217,123977,-243194,926854.8041,1170048.804,-243194
DUO858204/20260204,DUO858204,20260204,1141614.177,1141614.177,0,0,0,0,-276033.74,367923,-643956.74,865814.7771,1509771.517,-643956.74
DUO858204/20260205,DUO858204,20260205,1141614.177,1141614.177,0,0,0,0,-183330,48006,-231336,958602.4471,1189938.447,-231336
DUO858204/20260206,DUO858204,20260206,-1369871.092,73358.5,-1443229.592,1970910,1970910,0,-3954,1877,-5831,597495.4783,2046556.07,-1449060.592
DUO858183/20260209,DUO858183,20260209,924238.7387,924238.7387,0,0,0,0,105000,105000,0,1030095.249,1030095.249,0
DUO858183/20260210,DUO858183,20260210,992402.5552,992402.5552,0,0,0,0,0,0,0,993346.3152,993346.3152,0
DUO858183/20260211,DUO858183,20260211,992402.5552,992402.5552,0,0,0,0,0,0,0,993426.0352,993426.0352,0
DUO858183/20260212,DUO858183,20260212,1050979.597,1050979.597,0,0,0,0,0,0,0,1052088.767,1052088.767,0
DUO858183/20260213,DUO858183,20260213,1050979.597,1050979.597,0,0,0,0,0,0,0,1052174.427,1052174.427,0
DUO858293/20260209,DUO858293,20260209,1005335.25,1005335.25,0,0,0,0,0,0,0,1006029.09,1006029.09,0
DUO858293/20260210,DUO858293,20260210,1005335.25,1005335.25,0,0,0,0,0,0,0,1006115.91,1006115.91,0
DUO858293/20260211,DUO858293,20260211,1005335.25,1005335.25,0,0,0,0,0,0,0,1006202.73,1006202.73,0
DUO858293/20260212,DUO858293,20260212,1005335.25,1005335.25,0,0,0,0,0,0,0,1006289.55,1006289.55,0
DUO858293/20260213,DUO858293,20260213,1005335.25,1005335.25,0,0,0,0,0,0,0,1006376.37,1006376.37,0
DUO858241/20260209,DUO858241,20260209,1005335.25,1005335.25,0,0,0,0,0,0,0,1006029.09,1006029.09,0
DUO858241/20260210,DUO858241,20260210,1005335.25,1005335.25,0,0,0,0,0,0,0,1006115.91,1006115.91,0
DUO858241/20260211,DUO858241,20260211,1005335.25,1005335.25,0,0,0,0,0,0,0,1006202.73,1006202.73,0
DUO858241/20260212,DUO858241,20260212,1005335.25,1005335.25,0,0,0,0,0,0,0,1006289.55,1006289.55,0
DUO858241/20260213,DUO858241,20260213,1005335.25,1005335.25,0,0,0,0,0,0,0,1006376.37,1006376.37,0
DUO858732/20260209,DUO858732,20260209,228551.2291,228551.2291,0,778952.75,778952.75,0,18026.9,18026.9,0,1025687.849,1025687.849,0
DUO858732/20260210,DUO858732,20260210,228551.2291,228551.2291,0,773382.52,773382.52,0,19951.5,19951.5,0,1022042.219,1022042.219,0
DUO858732/20260211,DUO858732,20260211,228551.2291,228551.2291,0,767918.78,767918.78,0,22807.3,22807.3,0,1019434.279,1019434.279,0
DUO858732/20260212,DUO858732,20260212,228551.2291,228551.2291,0,761079.55,761079.55,0,23007.8,23007.8,0,1012852.729,1012852.729,0
DUO858732/20260213,DUO858732,20260213,228551.2291,228551.2291,0,756124.86,756124.86,0,18435,18435,0,1003325.239,1003325.239,0
DUO860245/20260209,DUO860245,20260209,-780086.8156,0,-780086.8156,1718858.5,1718858.5,0,0,0,0,938883.8145,1719067.83,-780184.0156
DUO860245/20260210,DUO860245,20260210,-17563.69705,0,-17563.69705,930354.5,930354.5,0,43748.8,43748.8,0,956585.593,974312.63,-17727.03705
DUO860245/20260211,DUO860245,20260211,97421.55855,97421.55855,0,755844.5,755844.5,0,6125,6125,0,859335.1086,859600.3886,-265.28
DUO860245/20260212,DUO860245,20260212,97421.55855,97421.55855,0,730433.5,730433.5,0,3260,3260,0,831059.1086,831324.3886,-265.28
DUO860245/20260213,DUO860245,20260213,97421.55855,97421.55855,0,736148.5,736148.5,0,3970,3970,0,837484.1086,837749.3886,-265.28
DUO858565/20260209,DUO858565,20260209,8407.475075,8407.475075,0,1021737.49,1021737.49,0,0,0,0,1030144.965,1030144.965,0
DUO858565/20260210,DUO858565,20260210,8407.475075,8407.475075,0,1015165.7,1015165.7,0,0,0,0,1023573.175,1023573.175,0
DUO858565/20260211,DUO858565,20260211,8407.475075,8407.475075,0,1024538.03,1024538.03,0,0,0,0,1032945.505,1032945.505,0
DUO858565/20260212,DUO858565,20260212,8407.475075,8407.475075,0,1010354.55,1010354.55,0,0,0,0,1018762.025,1018762.025,0
DUO858565/20260213,DUO858565,20260213,8407.475075,8407.475075,0,1010739.76,1010739.76,0,0,0,0,1019147.235,1019147.235,0
DUO860184/20260209,DUO860184,20260209,231685.6608,231685.6608,0,644047.47,644047.47,0,0,0,0,875781.1108,875868.3108,-87.2
DUO860184/20260210,DUO860184,20260210,231685.6608,231685.6608,0,638920.55,638920.55,0,0,0,0,870654.1908,870741.3908,-87.2
DUO860184/20260211,DUO860184,20260211,231685.6608,231685.6608,0,638349.78,638349.78,0,0,0,0,870083.4208,870170.6208,-87.2
DUO860184/20260212,DUO860184,20260212,313334.6146,313334.6146,0,534755.47,534755.47,0,0,0,0,848196.0846,848283.2846,-87.2
DUO860184/20260213,DUO860184,20260213,313334.6146,313334.6146,0,536530.29,536530.29,0,0,0,0,849970.9046,850058.1046,-87.2
DUO858580/20260209,DUO858580,20260209,4031.0292,4031.0292,0,1021110.6,1021110.6,0,0,0,0,1025141.629,1025141.629,0
DUO858580/20260210,DUO858580,20260210,4083.0292,4083.0292,0,1014882,1014882,0,0,0,0,1018965.029,1018965.029,0
DUO858580/20260211,DUO858580,20260211,4301.4292,4301.4292,0,1014372.2,1014372.2,0,0,0,0,1018673.629,1018673.629,0
DUO858580/20260212,DUO858580,20260212,4301.4292,4301.4292,0,1000488.2,1000488.2,0,0,0,0,1004789.629,1004789.629,0
DUO858580/20260213,DUO858580,20260213,4428.9292,4428.9292,0,1004880.9,1004880.9,0,0,0,0,1009309.829,1009309.829,0
DUO858257/20260209,DUO858257,20260209,808354.93,808354.93,0,179260,179260,0,0,0,0,988171.34,988171.34,0
DUO858257/20260210,DUO858257,20260210,808354.93,808354.93,0,177116.8,177116.8,0,0,0,0,986097.77,986097.77,0
DUO858257/20260211,DUO858257,20260211,808354.93,808354.93,0,175940,175940,0,0,0,0,984990.6,984990.6,0
DUO858257/20260212,DUO858257,20260212,808354.93,808354.93,0,170663.4,170663.4,0,0,0,0,979783.63,979783.63,0
DUO858257/20260213,DUO858257,20260213,808354.93,808354.93,0,173396.6,173396.6,0,0,0,0,982586.46,982586.46,0
DUO858280/20260209,DUO858280,20260209,51177.93069,51177.93069,0,1050930.56,1050930.56,0,0,0,0,1102108.491,1102108.491,0
DUO858280/20260210,DUO858280,20260210,51177.93069,51177.93069,0,1054233.6,1054233.6,0,0,0,0,1105411.531,1105411.531,0
DUO858280/20260211,DUO858280,20260211,51177.93069,51177.93069,0,1064927.56,1064927.56,0,0,0,0,1116105.491,1116105.491,0
DUO858280/20260212,DUO858280,20260212,51177.93069,51177.93069,0,1073150.92,1073150.92,0,0,0,0,1124379.431,1124379.431,0
DUO858280/20260213,DUO858280,20260213,51177.93069,51177.93069,0,1072404.92,1072404.92,0,0,0,0,1123633.431,1123633.431,0
DUO858271/20260209,DUO858271,20260209,550667.5534,550667.5534,0,0,0,0,541285,541285,0,1092054.613,1092054.613,0
DUO858271/20260210,DUO858271,20260210,550667.5534,550667.5534,0,0,0,0,473822,473822,0,1024651.993,1024651.993,0
DUO858271/20260211,DUO858271,20260211,289216.4559,289216.4559,0,0,0,0,674037.2,674037.2,0,963416.0959,963416.0959,0
DUO858271/20260212,DUO858271,20260212,397346.5121,397346.5121,0,0,0,0,553338.2,553338.2,0,950941.4621,950941.4621,0
DUO858271/20260213,DUO858271,20260213,373618.0805,373618.0805,0,0,0,0,490253,490253,0,864127.8305,864127.8305,0
DUO880904/20260209,DUO880904,20260209,1005241.76,1005241.76,0,0,0,0,0,0,0,1005935.52,1005935.52,0
DUO880904/20260210,DUO880904,20260210,1005241.76,1005241.76,0,0,0,0,0,0,0,1006022.33,1006022.33,0
DUO880904/20260211,DUO880904,20260211,1005241.76,1005241.76,0,0,0,0,0,0,0,1006109.14,1006109.14,0
DUO880904/20260212,DUO880904,20260212,1005241.76,1005241.76,0,0,0,0,0,0,0,1006195.95,1006195.95,0
DUO880904/20260213,DUO880904,20260213,1005241.76,1005241.76,0,0,0,0,0,0,0,1006282.76,1006282.76,0
DUO860400/20260209,DUO860400,20260209,464381.3922,464381.3922,0,388315.2,449382.9,-61067.7,0,0,0,852832.9722,913989.2422,-61156.27
DUO860400/20260210,DUO860400,20260210,464381.3922,464381.3922,0,398214,458973.6,-60759.6,0,0,0,862731.7722,923579.9422,-60848.17
DUO860400/20260211,DUO860400,20260211,464381.3922,464381.3922,0,406599.1,467144.5,-60545.4,0,0,0,871185.4422,931819.4122,-60633.97
DUO860400/20260212,DUO860400,20260212,464381.3922,464381.3922,0,390807.5,451017.5,-60210,0,0,0,855393.8422,915692.4122,-60298.57
DUO860400/20260213,DUO860400,20260213,464381.3922,464381.3922,0,391755.9,451403.7,-59647.8,0,0,0,856410.7122,916147.0822,-59736.37
DUO858195/20260209,DUO858195,20260209,896834.7207,896834.7207,0,0,0,0,0,0,0,897506.1407,897506.1407,0
DUO858195/20260210,DUO858195,20260210,896834.7207,896834.7207,0,0,0,0,0,0,0,897583.4907,897583.4907,0
DUO858195/20260211,DUO858195,20260211,896834.7207,896834.7207,0,0,0,0,0,0,0,897660.8407,897660.8407,0
DUO858195/20260212,DUO858195,20260212,896834.7207,896834.7207,0,0,0,0,0,0,0,897738.1907,897738.1907,0
DUO858195/20260213,DUO858195,20260213,896834.7207,896834.7207,0,0,0,0,0,0,0,897815.5407,897815.5407,0
DUO858694/20260209,DUO858694,20260209,829832.8849,829832.8849,0,179866.66,179866.66,0,0,0,0,1010271.025,1010271.025,0
DUO858694/20260210,DUO858694,20260210,829832.8849,829832.8849,0,179147.19,179147.19,0,0,0,0,1009623.065,1009623.065,0
DUO858694/20260211,DUO858694,20260211,829832.8849,829832.8849,0,178878.41,178878.41,0,0,0,0,1009425.795,1009425.795,0
DUO858694/20260212,DUO858694,20260212,829832.8849,829832.8849,0,176252.64,176252.64,0,0,0,0,1006871.535,1006871.535,0
DUO858694/20260213,DUO858694,20260213,829832.8849,829832.8849,0,176803.36,176803.36,0,0,0,0,1007493.765,1007493.765,0
DUO858167/20260209,DUO858167,20260209,616998.1766,616998.1766,0,174435,174435,0,0,0,0,791801.0966,791801.0966,0
DUO858167/20260210,DUO858167,20260210,616998.1766,616998.1766,0,174525,174525,0,0,0,0,791943.9266,791943.9266,0
DUO858167/20260211,DUO858167,20260211,611945.1891,611945.1891,0,170040,170040,0,4769,4769,0,787227.8791,787227.8791,0
DUO858167/20260212,DUO858167,20260212,612499.6687,612499.6687,0,162285,162285,0,0,0,0,775311.2987,775311.2987,0
DUO858167/20260213,DUO858167,20260213,612499.6687,612499.6687,0,164295,164295,0,0,0,0,777373.7987,777373.7987,0
DUO858213/20260209,DUO858213,20260209,208065.8695,208065.8695,0,182600,182600,0,145200,145200,0,535923.0895,535923.0895,0
DUO858213/20260210,DUO858213,20260210,208065.8695,208065.8695,0,182260,182260,0,66200,66200,0,456583.0895,456583.0895,0
DUO858213/20260211,DUO858213,20260211,208065.8695,208065.8695,0,185820,185820,0,27444,27444,0,421387.0895,421387.0895,0
DUO858213/20260212,DUO858213,20260212,208065.8695,208065.8695,0,182400,182400,0,21176,21176,0,411699.0895,411699.0895,0
DUO858213/20260213,DUO858213,20260213,208065.8695,208065.8695,0,183740,183740,0,31776,31776,0,423692.9895,423692.9895,0
DUO859340/20260209,DUO859340,20260209,1005335.25,1005335.25,0,0,0,0,0,0,0,1006029.09,1006029.09,0
DUO859340/20260210,DUO859340,20260210,1005335.25,1005335.25,0,0,0,0,0,0,0,1006115.91,1006115.91,0
DUO859340/20260211,DUO859340,20260211,1005335.25,1005335.25,0,0,0,0,0,0,0,1006202.73,1006202.73,0
DUO859340/20260212,DUO859340,20260212,1005335.25,1005335.25,0,0,0,0,0,0,0,1006289.55,1006289.55,0
DUO859340/20260213,DUO859340,20260213,1005335.25,1005335.25,0,0,0,0,0,0,0,1006376.37,1006376.37,0
DUO858252/20260209,DUO858252,20260209,5552.9148,5552.9148,0,1019881.97,1019881.97,0,0,0,0,1025434.885,1025434.885,0
DUO858252/20260210,DUO858252,20260210,5552.9148,5552.9148,0,1030914.44,1030914.44,0,0,0,0,1036467.355,1036467.355,0
DUO858252/20260211,DUO858252,20260211,5552.9148,5552.9148,0,1030071.5,1030071.5,0,0,0,0,1035624.415,1035624.415,0
DUO858252/20260212,DUO858252,20260212,5552.9148,5552.9148,0,995196.05,995196.05,0,0,0,0,1000748.965,1000748.965,0
DUO858252/20260213,DUO858252,20260213,5552.9148,5552.9148,0,974117,974117,0,0,0,0,979669.9148,979669.9148,0
DUO858308/20260209,DUO858308,20260209,1001328.206,1001328.206,0,0,0,0,0,0,0,1002019.246,1002019.246,0
DUO858308/20260210,DUO858308,20260210,1001328.206,1001328.206,0,0,0,0,0,0,0,1002105.716,1002105.716,0
DUO858308/20260211,DUO858308,20260211,1001328.206,1001328.206,0,0,0,0,0,0,0,1002192.186,1002192.186,0
DUO858308/20260212,DUO858308,20260212,1001328.206,1001328.206,0,0,0,0,0,0,0,1002278.656,1002278.656,0
DUO858308/20260213,DUO858308,20260213,1001328.206,1001328.206,0,0,0,0,0,0,0,1002365.126,1002365.126,0
DUO858706/20260209,DUO858706,20260209,998983.5775,998983.5775,0,0,0,0,7814.18,7814.18,0,1007490.538,1007490.538,0
DUO858706/20260210,DUO858706,20260210,998983.5775,998983.5775,0,0,0,0,7703.3,7703.3,0,1007466.218,1007466.218,0
DUO858706/20260211,DUO858706,20260211,998983.5775,998983.5775,0,0,0,0,7378.8,7378.8,0,1007227.978,1007227.978,0
DUO858706/20260212,DUO858706,20260212,986376.72,986376.72,0,0,0,0,14840.64,14840.64,0,1002169.22,1002169.22,0
DUO858706/20260213,DUO858706,20260213,986376.72,986376.72,0,0,0,0,18412,18412,0,1005826.84,1005826.84,0
DUO858320/20260209,DUO858320,20260209,1298118.175,1298118.175,0,0,0,0,0,0,0,1298577.785,1298577.785,0
DUO858320/20260210,DUO858320,20260210,1298118.175,1298118.175,0,0,0,0,0,0,0,1298285.365,1298577.785,-292.42
DUO858320/20260211,DUO858320,20260211,1298118.175,1298118.175,0,0,0,0,0,0,0,1298397.715,1298690.135,-292.42
DUO858320/20260212,DUO858320,20260212,1298118.175,1298118.175,0,0,0,0,0,0,0,1298510.065,1298802.485,-292.42
DUO858320/20260213,DUO858320,20260213,1298118.175,1298118.175,0,0,0,0,0,0,0,1298622.415,1298914.835,-292.42
DUO858796/20260209,DUO858796,20260209,71931.36913,71931.36913,0,938189.96,1318269.96,-380080,32784.3,32784.3,0,1043340.997,1423420.997,-380080
DUO858796/20260210,DUO858796,20260210,22183.62865,22183.62865,0,990888.39,1367968.39,-377080,37646.5,37646.5,0,1051212.306,1428292.306,-377080
DUO858796/20260211,DUO858796,20260211,22183.62865,22183.62865,0,994087.21,1374187.21,-380100,44754.8,44754.8,0,1061519.426,1441619.426,-380100
DUO858796/20260212,DUO858796,20260212,22183.62865,22183.62865,0,977770.64,1351650.64,-373880,45210,45210,0,1045567.676,1419538.056,-373970.38
DUO858796/20260213,DUO858796,20260213,22183.62865,22183.62865,0,988128.08,1353748.08,-365620,41748.3,41748.3,0,1052463.416,1418173.796,-365710.38
DUO858010/20260209,DUO858010,20260209,1005335.25,1005335.25,0,0,0,0,0,0,0,1006029.09,1006029.09,0
DUO858010/20260210,DUO858010,20260210,1005335.25,1005335.25,0,0,0,0,0,0,0,1006115.91,1006115.91,0
DUO858010/20260211,DUO858010,20260211,1005335.25,1005335.25,0,0,0,0,0,0,0,1006202.73,1006202.73,0
DUO858010/20260212,DUO858010,20260212,1005335.25,1005335.25,0,0,0,0,0,0,0,1006289.55,1006289.55,0
DUO858010/20260213,DUO858010,20260213,1005335.25,1005335.25,0,0,0,0,0,0,0,1006376.37,1006376.37,0
DUO858142/20260209,DUO858142,20260209,1005335.25,1005335.25,0,0,0,0,0,0,0,1006029.09,1006029.09,0
DUO858142/20260210,DUO858142,20260210,1005335.25,1005335.25,0,0,0,0,0,0,0,1006115.91,1006115.91,0
DUO858142/20260211,DUO858142,20260211,1005335.25,1005335.25,0,0,0,0,0,0,0,1006202.73,1006202.73,0
DUO858142/20260212,DUO858142,20260212,1005335.25,1005335.25,0,0,0,0,0,0,0,1006289.55,1006289.55,0
DUO858142/20260213,DUO858142,20260213,1005335.25,1005335.25,0,0,0,0,0,0,0,1006376.37,1006376.37,0
DUO858287/20260209,DUO858287,20260209,764321.5126,764321.5126,0,-187455,0,-187455,184650.35,213600.35,-28950,761725.7926,978195.3726,-216469.58
DUO858287/20260210,DUO858287,20260210,352046.9227,352046.9227,0,0,0,0,434563.25,832070.75,-397507.5,786819.1027,1184391.183,-397572.08
DUO858287/20260211,DUO858287,20260211,358341.775,358341.775,0,0,0,0,422010.23,796399.33,-374389.1,780658.965,1155112.645,-374453.68
DUO858287/20260212,DUO858287,20260212,62261.66174,62261.66174,0,0,0,0,832103.3,1420605,-588501.7,894671.9217,1483238.202,-588566.28
DUO858287/20260213,DUO858287,20260213,61120.02049,61120.02049,0,0,0,0,782816.07,1332026.07,-549210,844303.2405,1393577.82,-549274.58
DUO858223/20260209,DUO858223,20260209,-729421.2357,36218.73,-765639.9657,1697193.3,1697193.3,0,0,0,0,967007.9943,1733412.03,-766404.0357
DUO858223/20260210,DUO858223,20260210,-730278.7357,35361.23,-765639.9657,1673216,1673216,0,0,0,0,942077.6043,1708577.23,-766499.6257
DUO858223/20260211,DUO858223,20260211,-729368.7357,36271.23,-765639.9657,1667194.9,1667194.9,0,0,0,0,936871.0943,1703466.13,-766595.0357
DUO858223/20260212,DUO858223,20260212,-732518.7357,33121.23,-765639.9657,1678000.3,1678000.3,0,0,0,0,944430.9743,1711121.53,-766690.5557
DUO858223/20260213,DUO858223,20260213,-732212.4857,33427.48,-765639.9657,1678952,1678952,0,0,0,0,945593.5243,1712379.48,-766785.9557
DUO858340/20260209,DUO858340,20260209,1005335.25,1005335.25,0,0,0,0,0,0,0,1006029.09,1006029.09,0
DUO858340/20260210,DUO858340,20260210,1005335.25,1005335.25,0,0,0,0,0,0,0,1006115.91,1006115.91,0
DUO858340/20260211,DUO858340,20260211,1005335.25,1005335.25,0,0,0,0,0,0,0,1006202.73,1006202.73,0
DUO858340/20260212,DUO858340,20260212,1005335.25,1005335.25,0,0,0,0,0,0,0,1006289.55,1006289.55,0
DUO858340/20260213,DUO858340,20260213,1005335.25,1005335.25,0,0,0,0,0,0,0,1006376.37,1006376.37,0
DUO858153/20260209,DUO858153,20260209,1005335.25,1005335.25,0,0,0,0,0,0,0,1006029.09,1006029.09,0
DUO858153/20260210,DUO858153,20260210,1005335.25,1005335.25,0,0,0,0,0,0,0,1006115.91,1006115.91,0
DUO858153/20260211,DUO858153,20260211,1005335.25,1005335.25,0,0,0,0,0,0,0,1006202.73,1006202.73,0
DUO858153/20260212,DUO858153,20260212,1005335.25,1005335.25,0,0,0,0,0,0,0,1006289.55,1006289.55,0
DUO858153/20260213,DUO858153,20260213,1005335.25,1005335.25,0,0,0,0,0,0,0,1006376.37,1006376.37,0
DUO858325/20260209,DUO858325,20260209,1258515.985,1258515.985,0,0,0,0,0,0,0,1258642.625,1258642.625,0
DUO858325/20260210,DUO858325,20260210,39725.91702,39725.91702,0,0,0,0,932940.36,932940.36,0,972903.207,972903.207,0
DUO858325/20260211,DUO858325,20260211,39725.91702,39725.91702,0,0,0,0,1083732.74,1083732.74,0,1123804.377,1123804.377,0
DUO858325/20260212,DUO858325,20260212,17005.01728,17005.01728,0,0,0,0,1049752,1049752,0,1067102.737,1067102.737,0
DUO858325/20260213,DUO858325,20260213,17005.01728,17005.01728,0,0,0,0,602800,602800,0,620150.7373,620150.7373,0
DUO859247/20260209,DUO859247,20260209,1163749.002,1163749.002,0,-37156.3,0,-37156.3,0,0,0,1127367.192,1164523.492,-37156.3
DUO859247/20260210,DUO859247,20260210,1163749.002,1163749.002,0,-36852.69,0,-36852.69,0,0,0,1127768.172,1164620.862,-36852.69
DUO859247/20260211,DUO859247,20260211,1163749.002,1163749.002,0,-36731.42,0,-36731.42,0,0,0,1127986.792,1164718.212,-36731.42
DUO859247/20260212,DUO859247,20260212,1163749.002,1163749.002,0,-36025.68,0,-36025.68,0,0,0,1128789.902,1164815.582,-36025.68
DUO859247/20260213,DUO859247,20260213,1163749.002,1163749.002,0,-35560.13,0,-35560.13,0,0,0,1129352.832,1164912.962,-35560.13
DUO858779/20260209,DUO858779,20260209,216741.0978,216741.0978,0,773749.32,773749.32,0,0,0,0,990598.5678,990598.5678,0
DUO858779/20260210,DUO858779,20260210,216741.0978,216741.0978,0,776317,776317,0,0,0,0,993166.2478,993166.2478,0
DUO858779/20260211,DUO858779,20260211,216741.0978,216741.0978,0,781870.81,781870.81,0,0,0,0,998720.0578,998720.0578,0
DUO858779/20260212,DUO858779,20260212,216741.0978,216741.0978,0,760645.24,760645.24,0,0,0,0,977548.5778,977548.5778,0
DUO858779/20260213,DUO858779,20260213,216741.0978,216741.0978,0,759338.67,759338.67,0,0,0,0,976242.0078,976242.0078,0
DUO858355/20260209,DUO858355,20260209,1005335.25,1005335.25,0,0,0,0,0,0,0,1006029.09,1006029.09,0
DUO858355/20260210,DUO858355,20260210,1005335.25,1005335.25,0,0,0,0,0,0,0,1006115.91,1006115.91,0
DUO858355/20260211,DUO858355,20260211,1005335.25,1005335.25,0,0,0,0,0,0,0,1006202.73,1006202.73,0
DUO858355/20260212,DUO858355,20260212,1005335.25,1005335.25,0,0,0,0,0,0,0,1006289.55,1006289.55,0
DUO858355/20260213,DUO858355,20260213,1005335.25,1005335.25,0,0,0,0,0,0,0,1006376.37,1006376.37,0
DUO859347/20260209,DUO859347,20260209,1018000,1018000,0,0,0,0,0,0,0,830147.52,1018000,0
DUO859347/20260210,DUO859347,20260210,1018000,1018000,0,0,0,0,0,0,0,830147.52,1018000,0
DUO859347/20260211,DUO859347,20260211,1018000,1018000,0,0,0,0,0,0,0,830147.52,1018000,0
DUO859347/20260212,DUO859347,20260212,1018000,1018000,0,0,0,0,0,0,0,830147.52,1018000,0
DUO859347/20260213,DUO859347,20260213,1018000,1018000,0,0,0,0,0,0,0,830147.52,1018000,0
DUO858573/20260209,DUO858573,20260209,1005335.25,1005335.25,0,0,0,0,0,0,0,1006029.09,1006029.09,0
DUO858573/20260210,DUO858573,20260210,1005335.25,1005335.25,0,0,0,0,0,0,0,1006115.91,1006115.91,0
DUO858573/20260211,DUO858573,20260211,1005335.25,1005335.25,0,0,0,0,0,0,0,1006202.73,1006202.73,0
DUO858573/20260212,DUO858573,20260212,1005335.25,1005335.25,0,0,0,0,0,0,0,1006289.55,1006289.55,0
DUO858573/20260213,DUO858573,20260213,1005335.25,1005335.25,0,0,0,0,0,0,0,1006376.37,1006376.37,0
DUO858786/20260209,DUO858786,20260209,677194.4913,677194.4913,0,501429,501429,0,0,0,0,1179074.291,1179074.291,0
DUO858786/20260210,DUO858786,20260210,677402.4913,677402.4913,0,499390,499390,0,0,0,0,1177301.501,1177301.501,0
DUO858786/20260211,DUO858786,20260211,677402.4913,677402.4913,0,496314,496314,0,0,0,0,1174283.711,1174283.711,0
DUO858786/20260212,DUO858786,20260212,677402.4913,677402.4913,0,479608.5,479608.5,0,0,0,0,1157636.421,1157636.421,0
DUO858786/20260213,DUO858786,20260213,677402.4913,677402.4913,0,471896.5,471896.5,0,0,0,0,1149982.631,1149982.631,0
DUO858245/20260209,DUO858245,20260209,1066953.107,1066953.107,0,-60832,0,-60832,0,0,0,1006802.047,1067634.047,-60832
DUO858245/20260210,DUO858245,20260210,1066953.107,1066953.107,0,-58728,0,-58728,0,0,0,1008993.217,1067721.217,-58728
DUO858245/20260211,DUO858245,20260211,1066953.107,1066953.107,0,-61248,0,-61248,0,0,0,1006559.967,1067807.967,-61248
DUO858245/20260212,DUO858245,20260212,1066953.107,1066953.107,0,-54184,0,-54184,0,0,0,1013710.927,1067894.927,-54184
DUO858245/20260213,DUO858245,20260213,1066953.107,1066953.107,0,-55776,0,-55776,0,0,0,1012205.607,1067981.607,-55776
DUO858332/20260209,DUO858332,20260209,1048864.711,1048864.711,0,0,0,0,0,0,0,1049412.331,1049412.331,0
DUO858332/20260210,DUO858332,20260210,1051419.309,1051419.309,0,0,0,0,0,0,0,1051966.929,1051966.929,0
DUO858332/20260211,DUO858332,20260211,4159.79565,4159.79565,0,0,0,0,1014997.1,1014997.1,0,1019815.246,1019815.246,0
DUO858332/20260212,DUO858332,20260212,1102404.572,1102404.572,0,0,0,0,0,0,0,1103153.732,1103153.732,0
DUO858332/20260213,DUO858332,20260213,1102404.572,1102404.572,0,0,0,0,0,0,0,1103153.732,1103153.732,0
DUO858216/20260209,DUO858216,20260209,634072.69,634072.69,0,385174.6,385174.6,0,0,0,0,1019762.56,1019762.56,0
DUO858216/20260210,DUO858216,20260210,634072.69,634072.69,0,389784.86,389784.86,0,0,0,0,1024427.25,1024427.25,0
DUO858216/20260211,DUO858216,20260211,634072.69,634072.69,0,383023.02,383023.02,0,0,0,0,1017719.84,1017719.84,0
DUO858216/20260212,DUO858216,20260212,634072.69,634072.69,0,362783.4,362783.4,0,0,0,0,997534.65,997534.65,0
DUO858216/20260213,DUO858216,20260213,634072.69,634072.69,0,367412.14,367412.14,0,0,0,0,1002217.82,1002217.82,0
DUO858311/20260209,DUO858311,20260209,1005335.25,1005335.25,0,0,0,0,0,0,0,1006029.09,1006029.09,0
DUO858311/20260210,DUO858311,20260210,1005335.25,1005335.25,0,0,0,0,0,0,0,1006115.91,1006115.91,0
DUO858311/20260211,DUO858311,20260211,1005335.25,1005335.25,0,0,0,0,0,0,0,1006202.73,1006202.73,0
DUO858311/20260212,DUO858311,20260212,1005335.25,1005335.25,0,0,0,0,0,0,0,1006289.55,1006289.55,0
DUO858311/20260213,DUO858311,20260213,1005335.25,1005335.25,0,0,0,0,0,0,0,1006376.37,1006376.37,0
DUO858345/20260209,DUO858345,20260209,356309.6734,356309.6734,0,647442.8,647442.8,0,0,0,0,1003993.823,1003993.823,0
DUO858345/20260210,DUO858345,20260210,356517.6734,356517.6734,0,646494,646494,0,0,0,0,1003253.023,1003253.023,0
DUO858345/20260211,DUO858345,20260211,356517.6734,356517.6734,0,650039.4,650039.4,0,0,0,0,1006858.863,1006858.863,0
DUO858345/20260212,DUO858345,20260212,356517.6734,356517.6734,0,627982.2,627982.2,0,0,0,0,984801.6634,984801.6634,0
DUO858345/20260213,DUO858345,20260213,356517.6734,356517.6734,0,619408.8,619408.8,0,0,0,0,976288.7034,976288.7034,0
DUO858204/20260209,DUO858204,20260209,-550074.8695,0,-550074.8695,1159081.2,1159081.2,0,-4361.6,1636,-5997.6,605332.1405,1161404.61,-556072.4695
DUO858204/20260210,DUO858204,20260210,-550074.8695,0,-550074.8695,1138464.99,1138464.99,0,-6461.8,2515,-8976.8,582440.3405,1141667.4,-559227.0595
DUO858204/20260211,DUO858204,20260211,-550074.8695,0,-550074.8695,1112382.09,1112382.09,0,-6926.32,3789,-10715.32,555820.6305,1116858.5,-561037.8695
DUO858204/20260212,DUO858204,20260212,-550074.8695,0,-550074.8695,1105379.01,1105379.01,0,-9951.48,6293,-16244.48,545720.1005,1112359.42,-566639.3195
DUO858204/20260213,DUO858204,20260213,-550074.8695,0,-550074.8695,1093409.46,1093409.46,0,-11600.44,12780,-24380.44,532029.3005,1106876.87,-574847.5695
DUO858183/20260216,DUO858183,20260216,1050979.597,1050979.597,0,0,0,0,0,0,0,1052174.427,1052174.427,0
DUO858183/20260217,DUO858183,20260217,1050979.597,1050979.597,0,0,0,0,0,0,0,1052537.627,1052537.627,0
DUO858183/20260218,DUO858183,20260218,1157225.521,1157225.521,0,0,0,0,0,0,0,1158874.351,1158874.351,0
DUO858183/20260219,DUO858183,20260219,1119493.902,1119493.902,0,0,0,0,0,0,0,1121233.512,1121233.512,0
DUO858183/20260220,DUO858183,20260220,1119493.902,1119493.902,0,0,0,0,0,0,0,1121333.552,1121333.552,0
DUO858293/20260216,DUO858293,20260216,1005335.25,1005335.25,0,0,0,0,0,0,0,1006376.37,1006376.37,0
DUO858293/20260217,DUO858293,20260217,1005335.25,1005335.25,0,0,0,0,0,0,0,1006723.65,1006723.65,0
DUO858293/20260218,DUO858293,20260218,1005335.25,1005335.25,0,0,0,0,0,0,0,1006810.47,1006810.47,0
DUO858293/20260219,DUO858293,20260219,1005335.25,1005335.25,0,0,0,0,0,0,0,1006897.29,1006897.29,0
DUO858293/20260220,DUO858293,20260220,1005335.25,1005335.25,0,0,0,0,0,0,0,1006984.11,1006984.11,0
DUO858241/20260216,DUO858241,20260216,1005335.25,1005335.25,0,0,0,0,0,0,0,1006376.37,1006376.37,0
DUO858241/20260217,DUO858241,20260217,1005335.25,1005335.25,0,0,0,0,0,0,0,1006723.65,1006723.65,0
DUO858241/20260218,DUO858241,20260218,1005335.25,1005335.25,0,0,0,0,0,0,0,1006810.47,1006810.47,0
DUO858241/20260219,DUO858241,20260219,1005335.25,1005335.25,0,0,0,0,0,0,0,1006897.29,1006897.29,0
DUO858241/20260220,DUO858241,20260220,1005335.25,1005335.25,0,0,0,0,0,0,0,1006984.11,1006984.11,0
DUO858732/20260216,DUO858732,20260216,228551.2291,228551.2291,0,756124.86,756124.86,0,18435,18435,0,1003325.239,1003325.239,0
DUO858732/20260217,DUO858732,20260217,228551.2291,228551.2291,0,753623.57,753623.57,0,19115.5,19115.5,0,1001599.749,1001599.749,0
DUO858732/20260218,DUO858732,20260218,228551.2291,228551.2291,0,755710.68,755710.68,0,20616.9,20616.9,0,1005188.259,1005188.259,0
DUO858732/20260219,DUO858732,20260219,228551.2291,228551.2291,0,755909.62,755909.62,0,20106.3,20106.3,0,1004876.599,1004876.599,0
DUO858732/20260220,DUO858732,20260220,228551.2291,228551.2291,0,766975.2,766975.2,0,20724.3,20724.3,0,1016617.359,1016617.359,0
DUO860245/20260216,DUO860245,20260216,97421.55855,97421.55855,0,736148.5,736148.5,0,3970,3970,0,837484.1086,837749.3886,-265.28
DUO860245/20260217,DUO860245,20260217,97421.55855,97421.55855,0,749984,749984,0,2900,2900,0,850249.6086,850514.8886,-265.28
DUO860245/20260218,DUO860245,20260218,252653.5786,252653.5786,0,577076,757841,-180765,9432,9432,0,839105.6286,1020135.909,-181030.28
DUO860245/20260219,DUO860245,20260219,-11486.42145,0,-11486.42145,868157,1034552,-166395,7602,7602,0,864270.0286,1042416.73,-178146.7015
DUO860245/20260220,DUO860245,20260220,-27551.17145,0,-27551.17145,853984.5,1022294.5,-168310,24386,24386,0,850816.7786,1046943.23,-196126.4515
DUO858565/20260216,DUO858565,20260216,8407.475075,8407.475075,0,1010739.76,1010739.76,0,0,0,0,1019147.235,1019147.235,0
DUO858565/20260217,DUO858565,20260217,8407.475075,8407.475075,0,1008508.42,1008508.42,0,0,0,0,1016915.895,1016915.895,0
DUO858565/20260218,DUO858565,20260218,8407.475075,8407.475075,0,1018204.85,1018204.85,0,0,0,0,1026612.325,1026612.325,0
DUO858565/20260219,DUO858565,20260219,8407.475075,8407.475075,0,1014485.14,1014485.14,0,0,0,0,1022892.615,1022892.615,0
DUO858565/20260220,DUO858565,20260220,8407.475075,8407.475075,0,1022577.11,1022577.11,0,0,0,0,1030984.585,1030984.585,0
DUO860184/20260216,DUO860184,20260216,313334.6146,313334.6146,0,536530.29,536530.29,0,0,0,0,849970.9046,850058.1046,-87.2
DUO860184/20260217,DUO860184,20260217,313334.6146,313334.6146,0,532736.73,532736.73,0,0,0,0,846302.5146,846389.7146,-87.2
DUO860184/20260218,DUO860184,20260218,313334.6146,313334.6146,0,534342.75,534342.75,0,0,0,0,847908.5346,847995.7346,-87.2
DUO860184/20260219,DUO860184,20260219,313334.6146,313334.6146,0,538124.94,538124.94,0,0,0,0,851743.6446,851830.8446,-87.2
DUO860184/20260220,DUO860184,20260220,313334.6146,313334.6146,0,544641.92,544641.92,0,0,0,0,858260.6246,858347.8246,-87.2
DUO858580/20260216,DUO858580,20260216,4428.9292,4428.9292,0,1004880.9,1004880.9,0,0,0,0,1009309.829,1009309.829,0
DUO858580/20260217,DUO858580,20260217,4428.9292,4428.9292,0,1000330.4,1000330.4,0,0,0,0,1004759.329,1004759.329,0
DUO858580/20260218,DUO858580,20260218,4428.9292,4428.9292,0,1000223.5,1000223.5,0,0,0,0,1004652.429,1004652.429,0
DUO858580/20260219,DUO858580,20260219,4428.9292,4428.9292,0,993065.5,993065.5,0,0,0,0,997494.4292,997494.4292,0
DUO858580/20260220,DUO858580,20260220,4538.1292,4538.1292,0,994140.3,994140.3,0,0,0,0,998678.4292,998678.4292,0
DUO858257/20260216,DUO858257,20260216,808354.93,808354.93,0,173396.6,173396.6,0,0,0,0,982586.46,982586.46,0
DUO858257/20260217,DUO858257,20260217,808354.93,808354.93,0,175979.2,175979.2,0,0,0,0,985447.58,985447.58,0
DUO858257/20260218,DUO858257,20260218,808354.93,808354.93,0,176760,176760,0,0,0,0,986298.01,986298.01,0
DUO858257/20260219,DUO858257,20260219,808354.93,808354.93,0,175909.2,175909.2,0,0,0,0,985516.84,985516.84,0
DUO858257/20260220,DUO858257,20260220,808354.93,808354.93,0,176760.8,176760.8,0,0,0,0,986438.07,986438.07,0
DUO858280/20260216,DUO858280,20260216,51177.93069,51177.93069,0,1072404.92,1072404.92,0,0,0,0,1123633.431,1123633.431,0
DUO858280/20260217,DUO858280,20260217,51177.93069,51177.93069,0,1050788.8,1050788.8,0,0,0,0,1102017.311,1102017.311,0
DUO858280/20260218,DUO858280,20260218,51177.93069,51177.93069,0,1045449.36,1045449.36,0,0,0,0,1096677.871,1096677.871,0
DUO858280/20260219,DUO858280,20260219,51177.93069,51177.93069,0,1036435.36,1036435.36,0,0,0,0,1087663.871,1087663.871,0
DUO858280/20260220,DUO858280,20260220,124225.2322,124225.2322,0,956110,956110,0,0,0,0,1080385.812,1080385.812,0
DUO858271/20260216,DUO858271,20260216,373618.0805,373618.0805,0,0,0,0,490253,490253,0,864127.8305,864127.8305,0
DUO858271/20260217,DUO858271,20260217,286043.2255,286043.2255,0,0,0,0,534535,534535,0,820994.4355,820994.4355,0
DUO858271/20260218,DUO858271,20260218,20140.75602,20140.75602,0,268017,268017,0,572560.6,572560.6,0,861134.566,861134.566,0
DUO858271/20260219,DUO858271,20260219,164125.4495,164125.4495,0,267885,267885,0,448913.4,448913.4,0,881395.8495,881395.8495,0
DUO858271/20260220,DUO858271,20260220,75481.66772,75481.66772,0,269029,269029,0,601139,601139,0,946121.6677,946121.6677,0
DUO880904/20260216,DUO880904,20260216,1005241.76,1005241.76,0,0,0,0,0,0,0,1006282.76,1006282.76,0
DUO880904/20260217,DUO880904,20260217,1005241.76,1005241.76,0,0,0,0,0,0,0,1006630,1006630,0
DUO880904/20260218,DUO880904,20260218,1005241.76,1005241.76,0,0,0,0,0,0,0,1006716.81,1006716.81,0
DUO880904/20260219,DUO880904,20260219,1005241.76,1005241.76,0,0,0,0,0,0,0,1006803.62,1006803.62,0
DUO880904/20260220,DUO880904,20260220,1005241.76,1005241.76,0,0,0,0,0,0,0,1006890.43,1006890.43,0
DUO860400/20260216,DUO860400,20260216,464381.3922,464381.3922,0,391755.9,451403.7,-59647.8,0,0,0,856410.7122,916147.0822,-59736.37
DUO860400/20260217,DUO860400,20260217,464381.3922,464381.3922,0,387416.3,446681.6,-59265.3,0,0,0,852208.1922,911562.0622,-59353.87
DUO860400/20260218,DUO860400,20260218,378419.8872,378419.8872,0,386776,447047.5,-60271.5,106114,106114,0,871720.3872,932080.4572,-60360.07
DUO860400/20260219,DUO860400,20260219,402096.8117,402096.8117,0,387860,447756.5,-59896.5,0,0,0,790436.0017,850421.0717,-59985.07
DUO860400/20260220,DUO860400,20260220,402096.8117,402096.8117,0,392853.9,452760,-59906.1,0,0,0,795429.9017,855424.5717,-59994.67
DUO858195/20260216,DUO858195,20260216,896834.7207,896834.7207,0,0,0,0,0,0,0,897815.5407,897815.5407,0
DUO858195/20260217,DUO858195,20260217,896834.7207,896834.7207,0,0,0,0,0,0,0,898124.9407,898124.9407,0
DUO858195/20260218,DUO858195,20260218,932157.0692,932157.0692,0,0,0,0,0,0,0,933524.6392,933524.6392,0
DUO858195/20260219,DUO858195,20260219,932157.0692,932157.0692,0,0,0,0,0,0,0,933601.9792,933601.9792,0
DUO858195/20260220,DUO858195,20260220,932157.0692,932157.0692,0,0,0,0,0,0,0,933682.4092,933682.4092,0
DUO858694/20260216,DUO858694,20260216,829832.8849,829832.8849,0,176803.36,176803.36,0,0,0,0,1007493.765,1007493.765,0
DUO858694/20260217,DUO858694,20260217,829832.8849,829832.8849,0,177129.8,177129.8,0,0,0,0,1008106.245,1008106.245,0
DUO858694/20260218,DUO858694,20260218,829832.8849,829832.8849,0,178358.71,178358.71,0,0,0,0,1009406.665,1009406.665,0
DUO858694/20260219,DUO858694,20260219,829832.8849,829832.8849,0,178220.79,178220.79,0,0,0,0,1009340.255,1009340.255,0
DUO858694/20260220,DUO858694,20260220,829832.8849,829832.8849,0,179468.5,179468.5,0,0,0,0,1010659.475,1010659.475,0
DUO858167/20260216,DUO858167,20260216,612499.6687,612499.6687,0,164295,164295,0,0,0,0,777373.7987,777373.7987,0
DUO858167/20260217,DUO858167,20260217,504462.2937,504462.2937,0,262545,262545,0,9426,9426,0,777222.6237,777222.6237,0
DUO858167/20260218,DUO858167,20260218,536447.4541,536447.4541,0,252845,252845,0,5475.08,7597.36,-2122.28,795609.4141,797731.6941,-2122.28
DUO858167/20260219,DUO858167,20260219,606909.7028,606909.7028,0,166455,166455,0,13389.72,13510,-120.28,787596.3028,787716.5828,-120.28
DUO858167/20260220,DUO858167,20260220,629649.9371,629649.9371,0,168150,168150,0,0,0,0,798730.8671,798730.8671,0
DUO858213/20260216,DUO858213,20260216,208065.8695,208065.8695,0,183740,183740,0,31776,31776,0,423692.9895,423692.9895,0
DUO858213/20260217,DUO858213,20260217,208065.8695,208065.8695,0,180550,180550,0,7720,7720,0,396446.9895,396446.9895,0
DUO858213/20260218,DUO858213,20260218,209845.8695,209845.8695,0,183870,183870,0,2824,2824,0,396650.9895,396650.9895,0
DUO858213/20260219,DUO858213,20260219,209845.8695,209845.8695,0,184780,184780,0,2832,2832,0,397568.9895,397568.9895,0
DUO858213/20260220,DUO858213,20260220,209845.8695,209845.8695,0,183930,183930,0,0,0,0,393941.3695,393941.3695,0
DUO859340/20260216,DUO859340,20260216,1005335.25,1005335.25,0,0,0,0,0,0,0,1006376.37,1006376.37,0
DUO859340/20260217,DUO859340,20260217,1005335.25,1005335.25,0,0,0,0,0,0,0,1006723.65,1006723.65,0
DUO859340/20260218,DUO859340,20260218,1005335.25,1005335.25,0,0,0,0,0,0,0,1006810.47,1006810.47,0
DUO859340/20260219,DUO859340,20260219,1005335.25,1005335.25,0,0,0,0,0,0,0,1006897.29,1006897.29,0
DUO859340/20260220,DUO859340,20260220,1005335.25,1005335.25,0,0,0,0,0,0,0,1006984.11,1006984.11,0
DUO858252/20260216,DUO858252,20260216,5552.9148,5552.9148,0,974117,974117,0,0,0,0,979669.9148,979669.9148,0
DUO858252/20260217,DUO858252,20260217,5552.9148,5552.9148,0,978317.96,978317.96,0,0,0,0,983870.8748,983870.8748,0
DUO858252/20260218,DUO858252,20260218,5552.9148,5552.9148,0,975608.07,975608.07,0,0,0,0,981160.9848,981160.9848,0
DUO858252/20260219,DUO858252,20260219,5552.9148,5552.9148,0,981907.76,981907.76,0,0,0,0,987460.6748,987460.6748,0
DUO858252/20260220,DUO858252,20260220,5552.9148,5552.9148,0,980287.84,980287.84,0,0,0,0,985840.7548,985840.7548,0
DUO858308/20260216,DUO858308,20260216,1001328.206,1001328.206,0,0,0,0,0,0,0,1002365.126,1002365.126,0
DUO858308/20260217,DUO858308,20260217,1001328.206,1001328.206,0,0,0,0,0,0,0,1002711.006,1002711.006,0
DUO858308/20260218,DUO858308,20260218,1001328.206,1001328.206,0,0,0,0,0,0,0,1002797.476,1002797.476,0
DUO858308/20260219,DUO858308,20260219,1001328.206,1001328.206,0,0,0,0,0,0,0,1002883.946,1002883.946,0
DUO858308/20260220,DUO858308,20260220,1001328.206,1001328.206,0,0,0,0,0,0,0,1002970.416,1002970.416,0
DUO858706/20260216,DUO858706,20260216,986376.72,986376.72,0,0,0,0,18412,18412,0,1005826.84,1005826.84,0
DUO858706/20260217,DUO858706,20260217,986376.72,986376.72,0,0,0,0,14202,14202,0,1001957.48,1001957.48,0
DUO858706/20260218,DUO858706,20260218,986376.72,986376.72,0,0,0,0,17864,17864,0,1005704.64,1005704.64,0
DUO858706/20260219,DUO858706,20260219,995914.6792,995914.6792,0,0,0,0,18647.2,18647.2,0,1016110.959,1016110.959,0
DUO858706/20260220,DUO858706,20260220,995914.6792,995914.6792,0,0,0,0,28850.64,28850.64,0,1026399.559,1026399.559,0
DUO858320/20260216,DUO858320,20260216,1298118.175,1298118.175,0,0,0,0,0,0,0,1298622.415,1298914.835,-292.42
DUO858320/20260217,DUO858320,20260217,1298118.175,1298118.175,0,0,0,0,0,0,0,1299071.815,1299364.235,-292.42
DUO858320/20260218,DUO858320,20260218,1298118.175,1298118.175,0,0,0,0,0,0,0,1299184.165,1299476.585,-292.42
DUO858320/20260219,DUO858320,20260219,1298118.175,1298118.175,0,0,0,0,0,0,0,1299296.515,1299588.935,-292.42
DUO858320/20260220,DUO858320,20260220,1298118.175,1298118.175,0,0,0,0,0,0,0,1299408.865,1299701.285,-292.42
DUO858796/20260216,DUO858796,20260216,23035.48865,23035.48865,0,988128.08,1353748.08,-365620,41748.3,41748.3,0,1053315.276,1419025.656,-365710.38
DUO858796/20260217,DUO858796,20260217,23035.48865,23035.48865,0,987120.56,1357060.56,-369940,36387,36387,0,1046819.956,1417089.516,-370269.56
DUO858796/20260218,DUO858796,20260218,23225.48865,23225.48865,0,985883.09,1361843.09,-375960,35510,35510,0,1044895.486,1421185.046,-376289.56
DUO858796/20260219,DUO858796,20260219,23225.48865,23225.48865,0,984615.28,1360415.28,-375800,31671,31671,0,1039694.956,1415918.236,-376223.28
DUO858796/20260220,DUO858796,20260220,273225.2937,273225.2937,0,776530.78,1372680.78,-596150,0,0,0,1049939.261,1646512.541,-596573.28
DUO858010/20260216,DUO858010,20260216,1005335.25,1005335.25,0,0,0,0,0,0,0,1006376.37,1006376.37,0
DUO858010/20260217,DUO858010,20260217,1005335.25,1005335.25,0,0,0,0,0,0,0,1006723.65,1006723.65,0
DUO858010/20260218,DUO858010,20260218,1005335.25,1005335.25,0,0,0,0,0,0,0,1006810.47,1006810.47,0
DUO858010/20260219,DUO858010,20260219,1005335.25,1005335.25,0,0,0,0,0,0,0,1006897.29,1006897.29,0
DUO858010/20260220,DUO858010,20260220,1005335.25,1005335.25,0,0,0,0,0,0,0,1006984.11,1006984.11,0
DUO858142/20260216,DUO858142,20260216,1005335.25,1005335.25,0,0,0,0,0,0,0,1006376.37,1006376.37,0
DUO858142/20260217,DUO858142,20260217,1005335.25,1005335.25,0,0,0,0,0,0,0,1006723.65,1006723.65,0
DUO858142/20260218,DUO858142,20260218,1005335.25,1005335.25,0,0,0,0,0,0,0,1006810.47,1006810.47,0
DUO858142/20260219,DUO858142,20260219,1005335.25,1005335.25,0,0,0,0,0,0,0,1006897.29,1006897.29,0
DUO858142/20260220,DUO858142,20260220,1005335.25,1005335.25,0,0,0,0,0,0,0,1006984.11,1006984.11,0
DUO858287/20260216,DUO858287,20260216,61120.02049,61120.02049,0,0,0,0,782816.07,1332026.07,-549210,844303.2405,1393577.82,-549274.58
DUO858287/20260217,DUO858287,20260217,65509.74545,65509.74545,0,0,0,0,750948.73,1291919.73,-540971,816825.6255,1357861.205,-541035.58
DUO858287/20260218,DUO858287,20260218,81228.33253,81228.33253,0,0,0,0,637386.14,1086874.94,-449488.8,718981.6225,1168535.003,-449553.38
DUO858287/20260219,DUO858287,20260219,84519.31013,84519.31013,0,0,0,0,678659.9,1157118,-478458.1,763546.3601,1242069.04,-478522.68
DUO858287/20260220,DUO858287,20260220,119823.4902,119823.4902,0,-33612,0,-33612,535593.04,906977.74,-371384.7,622171.6802,1027232.96,-405061.28
DUO858223/20260216,DUO858223,20260216,-730326.7857,33427.48,-763754.2657,1678952,1678952,0,0,0,0,947479.2243,1712379.48,-764900.2557
DUO858223/20260217,DUO858223,20260217,-733135.5357,30618.73,-763754.2657,1664898.5,1664898.5,0,0,0,0,930234.7343,1695517.23,-765282.4957
DUO858223/20260218,DUO858223,20260218,-730326.7857,33427.48,-763754.2657,1653253.4,1653253.4,0,0,0,0,921302.8643,1686680.88,-765378.0157
DUO858223/20260219,DUO858223,20260219,-731455.5357,32298.73,-763754.2657,1660249.8,1660249.8,0,0,0,0,927074.6343,1692548.53,-765473.8957
DUO858223/20260220,DUO858223,20260220,-729696.7857,34057.48,-763754.2657,1653004.8,1653004.8,0,0,0,0,921492.8643,1687062.28,-765569.4157
DUO858340/20260216,DUO858340,20260216,1005335.25,1005335.25,0,0,0,0,0,0,0,1006376.37,1006376.37,0
DUO858340/20260217,DUO858340,20260217,1005335.25,1005335.25,0,0,0,0,0,0,0,1006723.65,1006723.65,0
DUO858340/20260218,DUO858340,20260218,1005335.25,1005335.25,0,0,0,0,0,0,0,1006810.47,1006810.47,0
DUO858340/20260219,DUO858340,20260219,1005335.25,1005335.25,0,0,0,0,0,0,0,1006897.29,1006897.29,0
DUO858340/20260220,DUO858340,20260220,1005335.25,1005335.25,0,0,0,0,0,0,0,1006984.11,1006984.11,0
DUO858153/20260216,DUO858153,20260216,1005335.25,1005335.25,0,0,0,0,0,0,0,1006376.37,1006376.37,0
DUO858153/20260217,DUO858153,20260217,1005335.25,1005335.25,0,0,0,0,0,0,0,1006723.65,1006723.65,0
DUO858153/20260218,DUO858153,20260218,1005335.25,1005335.25,0,0,0,0,0,0,0,1006810.47,1006810.47,0
DUO858153/20260219,DUO858153,20260219,1005335.25,1005335.25,0,0,0,0,0,0,0,1006897.29,1006897.29,0
DUO858153/20260220,DUO858153,20260220,1005335.25,1005335.25,0,0,0,0,0,0,0,1006984.11,1006984.11,0
DUO858325/20260216,DUO858325,20260216,17005.01728,17005.01728,0,0,0,0,602800,602800,0,620150.7373,620150.7373,0
DUO858325/20260217,DUO858325,20260217,17005.01728,17005.01728,0,0,0,0,204600,204600,0,221950.7373,221950.7373,0
DUO858325/20260218,DUO858325,20260218,17005.01728,17005.01728,0,0,0,0,838728,838728,0,856078.7373,856078.7373,0
DUO858325/20260219,DUO858325,20260219,17005.01728,17005.01728,0,0,0,0,692780,692780,0,710130.7373,710130.7373,0
DUO858325/20260220,DUO858325,20260220,41715.07471,41715.07471,0,-31490,0,-31490,0,0,0,10570.79471,42060.79471,-31490
DUO859247/20260216,DUO859247,20260216,1163749.002,1163749.002,0,-35560.13,0,-35560.13,0,0,0,1129352.832,1164912.962,-35560.13
DUO859247/20260217,DUO859247,20260217,1163749.002,1163749.002,0,-35981.32,0,-35981.32,0,0,0,1129321.442,1165302.762,-35981.32
DUO859247/20260218,DUO859247,20260218,1163749.002,1163749.002,0,-36600.49,0,-36600.49,0,0,0,1128799.762,1165400.252,-36600.49
DUO859247/20260219,DUO859247,20260219,1163749.002,1163749.002,0,-36599.34,0,-36599.34,0,0,0,1128898.362,1165497.702,-36599.34
DUO859247/20260220,DUO859247,20260220,1163749.002,1163749.002,0,-37263.02,0,-37263.02,0,0,0,1128332.082,1165595.102,-37263.02
DUO858779/20260216,DUO858779,20260216,216741.0978,216741.0978,0,759338.67,759338.67,0,0,0,0,976242.0078,976242.0078,0
DUO858779/20260217,DUO858779,20260217,216741.0978,216741.0978,0,757553.83,757553.83,0,0,0,0,974547.3178,974547.3178,0
DUO858779/20260218,DUO858779,20260218,218966.0978,218966.0978,0,768996.4,768996.4,0,0,0,0,988214.8878,988214.8878,0
DUO858779/20260219,DUO858779,20260219,218966.0978,218966.0978,0,765698,765698,0,0,0,0,984916.4878,984916.4878,0
DUO858779/20260220,DUO858779,20260220,218966.0978,218966.0978,0,767668.48,767668.48,0,0,0,0,986941.6578,986941.6578,0
DUO858355/20260216,DUO858355,20260216,1005335.25,1005335.25,0,0,0,0,0,0,0,1006376.37,1006376.37,0
DUO858355/20260217,DUO858355,20260217,1005335.25,1005335.25,0,0,0,0,0,0,0,1006723.65,1006723.65,0
DUO858355/20260218,DUO858355,20260218,1005335.25,1005335.25,0,0,0,0,0,0,0,1006810.47,1006810.47,0
DUO858355/20260219,DUO858355,20260219,1005335.25,1005335.25,0,0,0,0,0,0,0,1006897.29,1006897.29,0
DUO858355/20260220,DUO858355,20260220,1005335.25,1005335.25,0,0,0,0,0,0,0,1006984.11,1006984.11,0
DUO859347/20260216,DUO859347,20260216,1018000,1018000,0,0,0,0,0,0,0,830147.52,1018000,0
DUO859347/20260217,DUO859347,20260217,1018000,1018000,0,0,0,0,0,0,0,830147.52,1018000,0
DUO859347/20260218,DUO859347,20260218,1018000,1018000,0,0,0,0,0,0,0,830147.52,1018000,0
DUO859347/20260219,DUO859347,20260219,1018000,1018000,0,0,0,0,0,0,0,830147.52,1018000,0
DUO859347/20260220,DUO859347,20260220,1018000,1018000,0,0,0,0,0,0,0,830147.52,1018000,0
DUO858573/20260216,DUO858573,20260216,1005335.25,1005335.25,0,0,0,0,0,0,0,1006376.37,1006376.37,0
DUO858573/20260217,DUO858573,20260217,1005335.25,1005335.25,0,0,0,0,0,0,0,1006723.65,1006723.65,0
DUO858573/20260218,DUO858573,20260218,1005335.25,1005335.25,0,0,0,0,0,0,0,1006810.47,1006810.47,0
DUO858573/20260219,DUO858573,20260219,1005335.25,1005335.25,0,0,0,0,0,0,0,1006897.29,1006897.29,0
DUO858573/20260220,DUO858573,20260220,1005335.25,1005335.25,0,0,0,0,0,0,0,1006984.11,1006984.11,0
DUO858786/20260216,DUO858786,20260216,677402.4913,677402.4913,0,471896.5,471896.5,0,0,0,0,1149982.631,1149982.631,0
DUO858786/20260217,DUO858786,20260217,677402.4913,677402.4913,0,479111,479111,0,0,0,0,1157429.971,1157429.971,0
DUO858786/20260218,DUO858786,20260218,677402.4913,677402.4913,0,481201.5,481201.5,0,0,0,0,1159578.681,1159578.681,0
DUO858786/20260219,DUO858786,20260219,1118396.069,1118396.069,0,38264,38264,0,0,0,0,1157692.969,1157692.969,0
DUO858786/20260220,DUO858786,20260220,1118396.069,1118396.069,0,38932,38932,0,0,0,0,1158419.179,1158419.179,0
DUO858245/20260216,DUO858245,20260216,1066953.107,1066953.107,0,-55776,0,-55776,0,0,0,1012205.607,1067981.607,-55776
DUO858245/20260217,DUO858245,20260217,386625.7072,386625.7072,0,629754,682850,-53096,0,0,0,1017757.447,1070853.447,-53096
DUO858245/20260218,DUO858245,20260218,386625.7072,386625.7072,0,630218,686290,-56072,0,0,0,1018308.617,1074380.617,-56072
DUO858245/20260219,DUO858245,20260219,386625.7072,386625.7072,0,627672,684480,-56808,0,0,0,1015762.617,1072570.617,-56808
DUO858245/20260220,DUO858245,20260220,386625.7072,386625.7072,0,628134,689430,-61296,0,0,0,1016280.557,1077576.557,-61296
DUO858332/20260216,DUO858332,20260216,1102404.572,1102404.572,0,0,0,0,0,0,0,1103153.732,1103153.732,0
DUO858332/20260217,DUO858332,20260217,1102404.572,1102404.572,0,0,0,0,0,0,0,1103534.852,1103534.852,0
DUO858332/20260218,DUO858332,20260218,1102404.572,1102404.572,0,0,0,0,0,0,0,1103630.132,1103630.132,0
DUO858332/20260219,DUO858332,20260219,1102404.572,1102404.572,0,0,0,0,0,0,0,1103725.412,1103725.412,0
DUO858332/20260220,DUO858332,20260220,303336.7319,303336.7319,0,799600,799600,0,0,0,0,1104352.852,1104352.852,0
DUO858216/20260216,DUO858216,20260216,634072.69,634072.69,0,367412.14,367412.14,0,0,0,0,1002217.82,1002217.82,0
DUO858216/20260217,DUO858216,20260217,634072.69,634072.69,0,365775.05,365775.05,0,0,0,0,1000798.45,1000798.45,0
DUO858216/20260218,DUO858216,20260218,634626.27,634626.27,0,375624.57,375624.57,0,0,0,0,1011256.03,1011256.03,0
DUO858216/20260219,DUO858216,20260219,634626.27,634626.27,0,379990.58,379990.58,0,0,0,0,1015676.52,1015676.52,0
DUO858216/20260220,DUO858216,20260220,634626.27,634626.27,0,378406.23,378406.23,0,0,0,0,1014146.65,1014146.65,0
DUO858311/20260216,DUO858311,20260216,1005335.25,1005335.25,0,0,0,0,0,0,0,1006376.37,1006376.37,0
DUO858311/20260217,DUO858311,20260217,1005335.25,1005335.25,0,0,0,0,0,0,0,1006723.65,1006723.65,0
DUO858311/20260218,DUO858311,20260218,1005335.25,1005335.25,0,0,0,0,0,0,0,1006810.47,1006810.47,0
DUO858311/20260219,DUO858311,20260219,1005335.25,1005335.25,0,0,0,0,0,0,0,1006897.29,1006897.29,0
DUO858311/20260220,DUO858311,20260220,1005335.25,1005335.25,0,0,0,0,0,0,0,1006984.11,1006984.11,0
DUO858345/20260216,DUO858345,20260216,356517.6734,356517.6734,0,619408.8,619408.8,0,0,0,0,976288.7034,976288.7034,0
DUO858345/20260217,DUO858345,20260217,356517.6734,356517.6734,0,628437.6,628437.6,0,0,0,0,985438.3834,985438.3834,0
DUO858345/20260218,DUO858345,20260218,356517.6734,356517.6734,0,632682.4,632682.4,0,0,0,0,989683.1834,989683.1834,0
DUO858345/20260219,DUO858345,20260219,271276.6734,271276.6734,0,716608.4,716608.4,0,0,0,0,988428.6234,988428.6234,0
DUO858345/20260220,DUO858345,20260220,271276.6734,271276.6734,0,723641,723641,0,0,0,0,995461.2234,995461.2234,0
DUO858204/20260216,DUO858204,20260216,-550074.8695,0,-550074.8695,1093409.46,1093409.46,0,-11600.44,12780,-24380.44,532029.3005,1106876.87,-574847.5695
DUO858204/20260217,DUO858204,20260217,-550074.8695,0,-550074.8695,1081975.86,1081975.86,0,-10916.24,12102,-23018.24,520990.7405,1094765.27,-573774.5295
DUO858204/20260218,DUO858204,20260218,-550074.8695,0,-550074.8695,1085977.62,1085977.62,0,-11200.02,6096,-17296.02,524636.4305,1092761.03,-568124.5995
DUO858204/20260219,DUO858204,20260219,-550074.8695,0,-550074.8695,1084619.88,1084619.88,0,-12364.82,8714,-21078.82,522041.6005,1094021.29,-571979.6895
DUO858204/20260220,DUO858204,20260220,575129.1088,575129.1088,0,0,0,0,-13049.8,9206,-22255.8,561868.4288,585022.5188,-23154.09
DUO858183/20260223,DUO858183,20260223,1050603.586,1050603.586,0,0,0,0,0,0,0,1052733.546,1052733.546,0
DUO858183/20260224,DUO858183,20260224,1050603.586,1050603.586,0,0,0,0,0,0,0,1052830.306,1052830.306,0
DUO858183/20260225,DUO858183,20260225,861358.7559,861358.7559,0,0,0,0,108100,108100,0,971776.2359,971776.2359,0
DUO858183/20260226,DUO858183,20260226,1020243.945,1020243.945,0,0,0,0,62500,62500,0,1085152.155,1085152.155,0
DUO858183/20260227,DUO858183,20260227,1024197.259,1024197.259,0,0,0,0,0,0,0,1026679.679,1026679.679,0
DUO858293/20260223,DUO858293,20260223,1005335.25,1005335.25,0,0,0,0,0,0,0,1007244.57,1007244.57,0
DUO858293/20260224,DUO858293,20260224,1005335.25,1005335.25,0,0,0,0,0,0,0,1007331.39,1007331.39,0
DUO858293/20260225,DUO858293,20260225,1005335.25,1005335.25,0,0,0,0,0,0,0,1007418.21,1007418.21,0
DUO858293/20260226,DUO858293,20260226,1005335.25,1005335.25,0,0,0,0,0,0,0,1007505.03,1007505.03,0
DUO858293/20260227,DUO858293,20260227,1005335.25,1005335.25,0,0,0,0,0,0,0,1007591.85,1007591.85,0
DUO858241/20260223,DUO858241,20260223,1005335.25,1005335.25,0,0,0,0,0,0,0,1007244.57,1007244.57,0
DUO858241/20260224,DUO858241,20260224,1005335.25,1005335.25,0,0,0,0,0,0,0,1007331.39,1007331.39,0
DUO858241/20260225,DUO858241,20260225,1005335.25,1005335.25,0,0,0,0,0,0,0,1007418.21,1007418.21,0
DUO858241/20260226,DUO858241,20260226,1005335.25,1005335.25,0,0,0,0,0,0,0,1007505.03,1007505.03,0
DUO858241/20260227,DUO858241,20260227,1005335.25,1005335.25,0,0,0,0,0,0,0,1007591.85,1007591.85,0
DUO858732/20260223,DUO858732,20260223,228551.2291,228551.2291,0,759302.21,759302.21,0,24869.8,24869.8,0,1013147.049,1013147.049,0
DUO858732/20260224,DUO858732,20260224,228551.2291,228551.2291,0,759541.31,759541.31,0,24541.2,24541.2,0,1013057.549,1013057.549,0
DUO858732/20260225,DUO858732,20260225,228551.2291,228551.2291,0,765169.27,765169.27,0,19300.6,19300.6,0,1013444.909,1013444.909,0
DUO858732/20260226,DUO858732,20260226,228551.2291,228551.2291,0,762721.95,762721.95,0,21033.1,21033.1,0,1012787.269,1012787.269,0
DUO858732/20260227,DUO858732,20260227,228551.2291,228551.2291,0,762936.98,762936.98,0,23376.5,23376.5,0,1015345.699,1015345.699,0
DUO860245/20260223,DUO860245,20260223,785067.0963,785067.0963,0,0,0,0,10270,10270,0,795257.6663,795599.8263,-342.16
DUO860245/20260224,DUO860245,20260224,148644.8738,148644.8738,0,0,0,0,1072740.8,1072740.8,0,1221306.244,1221648.404,-342.16
DUO860245/20260225,DUO860245,20260225,365657.0739,365657.0739,0,658091,658091,0,0,0,0,1023741.174,1024083.334,-342.16
DUO860245/20260226,DUO860245,20260226,784605.1967,784605.1967,0,262120,262120,0,0,0,0,1046718.297,1047060.457,-342.16
DUO860245/20260227,DUO860245,20260227,745455.7302,745455.7302,0,0,0,0,316610.5,316610.5,0,1062059.33,1062401.49,-342.16
DUO858565/20260223,DUO858565,20260223,8407.475075,8407.475075,0,1013619.02,1013619.02,0,0,0,0,1022026.495,1022026.495,0
DUO858565/20260224,DUO858565,20260224,8407.475075,8407.475075,0,1021208.2,1021208.2,0,0,0,0,1029615.675,1029615.675,0
DUO858565/20260225,DUO858565,20260225,8407.475075,8407.475075,0,1033698.01,1033698.01,0,0,0,0,1042105.485,1042105.485,0
DUO858565/20260226,DUO858565,20260226,8407.475075,8407.475075,0,1018606.49,1018606.49,0,0,0,0,1027013.965,1027013.965,0
DUO858565/20260227,DUO858565,20260227,8407.475075,8407.475075,0,1012207.66,1012207.66,0,0,0,0,1020615.135,1020615.135,0
DUO860184/20260223,DUO860184,20260223,313334.6146,313334.6146,0,544091.93,544091.93,0,0,0,0,857816.4746,857903.6746,-87.2
DUO860184/20260224,DUO860184,20260224,1079651.519,1079651.519,0,0,0,0,0,0,0,1080041.449,1080128.649,-87.2
DUO860184/20260225,DUO860184,20260225,1079651.519,1079651.519,0,0,0,0,0,0,0,1080094.019,1080181.219,-87.2
DUO860184/20260226,DUO860184,20260226,1079651.519,1079651.519,0,0,0,0,0,0,0,1080187.319,1080274.519,-87.2
DUO860184/20260227,DUO860184,20260227,1079651.519,1079651.519,0,0,0,0,0,0,0,1080280.619,1080367.819,-87.2
DUO858580/20260223,DUO858580,20260223,4538.1292,4538.1292,0,983492.2,983492.2,0,0,0,0,988030.3292,988030.3292,0
DUO858580/20260224,DUO858580,20260224,4538.1292,4538.1292,0,997487.1,997487.1,0,0,0,0,1002025.229,1002025.229,0
DUO858580/20260225,DUO858580,20260225,4538.1292,4538.1292,0,1002536.3,1002536.3,0,0,0,0,1007074.429,1007074.429,0
DUO858580/20260226,DUO858580,20260226,4538.1292,4538.1292,0,996967.1,996967.1,0,0,0,0,1001505.229,1001505.229,0
DUO858580/20260227,DUO858580,20260227,4538.1292,4538.1292,0,991674.2,991674.2,0,0,0,0,996212.3292,996212.3292,0
DUO858257/20260223,DUO858257,20260223,808354.93,808354.93,0,173241,173241,0,0,0,0,983127.16,983127.16,0
DUO858257/20260224,DUO858257,20260224,808354.93,808354.93,0,175666.8,175666.8,0,0,0,0,985622.59,985622.59,0
DUO858257/20260225,DUO858257,20260225,808354.93,808354.93,0,181321.8,181321.8,0,0,0,0,991347.22,991347.22,0
DUO858257/20260226,DUO858257,20260226,808354.93,808354.93,0,180816.2,180816.2,0,0,0,0,990911.25,990911.25,0
DUO858257/20260227,DUO858257,20260227,808354.93,808354.93,0,180850.6,180850.6,0,0,0,0,991015.28,991015.28,0
DUO858280/20260223,DUO858280,20260223,124225.2322,124225.2322,0,969740,969740,0,0,0,0,1094015.812,1094015.812,0
DUO858280/20260224,DUO858280,20260224,124225.2322,124225.2322,0,973690,973690,0,0,0,0,1097965.812,1097965.812,0
DUO858280/20260225,DUO858280,20260225,124225.2322,124225.2322,0,969610,969610,0,0,0,0,1093945.222,1093945.222,0
DUO858280/20260226,DUO858280,20260226,124225.2322,124225.2322,0,968060,968060,0,0,0,0,1092395.222,1092395.222,0
DUO858280/20260227,DUO858280,20260227,124225.2322,124225.2322,0,982420,982420,0,0,0,0,1106755.222,1106755.222,0
DUO858271/20260223,DUO858271,20260223,75481.66772,75481.66772,0,268308,268308,0,681530.36,681530.36,0,1025792.028,1025792.028,0
DUO858271/20260224,DUO858271,20260224,75481.66772,75481.66772,0,271419,271419,0,689112.22,689112.22,0,1036484.888,1036484.888,0
DUO858271/20260225,DUO858271,20260225,14631.0983,14631.0983,0,259800,259800,0,775509.82,775509.82,0,1050465.538,1050465.538,0
DUO858271/20260226,DUO858271,20260226,14631.0983,14631.0983,0,256381.6,256381.6,0,424119.76,424119.76,0,695657.0783,695657.0783,0
DUO858271/20260227,DUO858271,20260227,14631.0983,14631.0983,0,257895.6,257895.6,0,337199.24,337199.24,0,610250.5583,610250.5583,0
DUO880904/20260223,DUO880904,20260223,1005241.76,1005241.76,0,0,0,0,0,0,0,1007150.86,1007150.86,0
DUO880904/20260224,DUO880904,20260224,1005241.76,1005241.76,0,0,0,0,0,0,0,1007237.67,1007237.67,0
DUO880904/20260225,DUO880904,20260225,1005241.76,1005241.76,0,0,0,0,0,0,0,1007324.48,1007324.48,0
DUO880904/20260226,DUO880904,20260226,1005241.76,1005241.76,0,0,0,0,0,0,0,1007411.29,1007411.29,0
DUO880904/20260227,DUO880904,20260227,1005241.76,1005241.76,0,0,0,0,0,0,0,1007498.1,1007498.1,0
DUO860400/20260223,DUO860400,20260223,402096.8117,402096.8117,0,385558.1,441491.9,-55933.8,0,0,0,788247.4817,844269.8517,-56022.37
DUO860400/20260224,DUO860400,20260224,720318.1601,720318.1601,0,0,0,0,495448.5,495448.5,0,1216359.23,1216447.8,-88.57
DUO860400/20260225,DUO860400,20260225,1146453.215,1146453.215,0,0,0,0,0,0,0,1147103.675,1147192.245,-88.57
DUO860400/20260226,DUO860400,20260226,1342401.719,1342401.719,0,-235909,214795,-450704,0,0,0,1107205.099,1557997.669,-450792.57
DUO860400/20260227,DUO860400,20260227,631585.4241,631585.4241,0,446086,446086,0,160500,160500,0,1238982.924,1239071.494,-88.57
DUO858195/20260223,DUO858195,20260223,932157.0692,932157.0692,0,0,0,0,0,0,0,933923.6992,933923.6992,0
DUO858195/20260224,DUO858195,20260224,932157.0692,932157.0692,0,0,0,0,0,0,0,934004.1292,934004.1292,0
DUO858195/20260225,DUO858195,20260225,780236.4972,780236.4972,0,0,0,0,143773,692047,-548274,925936.9872,1474210.987,-548274
DUO858195/20260226,DUO858195,20260226,959611.7052,959611.7052,0,0,0,0,0,0,0,961619.5752,961619.5752,0
DUO858195/20260227,DUO858195,20260227,959611.7052,959611.7052,0,0,0,0,0,0,0,961686.7252,961686.7252,0
DUO858694/20260223,DUO858694,20260223,829832.8849,829832.8849,0,177580.46,177580.46,0,0,0,0,1008985.965,1008985.965,0
DUO858694/20260224,DUO858694,20260224,829832.8849,829832.8849,0,178787.3,178787.3,0,0,0,0,1010264.315,1010264.315,0
DUO858694/20260225,DUO858694,20260225,829832.8849,829832.8849,0,179980.85,179980.85,0,0,0,0,1011529.375,1011529.375,0
DUO858694/20260226,DUO858694,20260226,829832.8849,829832.8849,0,179292.39,179292.39,0,0,0,0,1010912.425,1010912.425,0
DUO858694/20260227,DUO858694,20260227,829832.8849,829832.8849,0,178640,178640,0,0,0,0,1010331.545,1010331.545,0
DUO858167/20260223,DUO858167,20260223,606802.1838,606802.1838,0,161625,161625,0,28722.55,28722.55,0,798236.8438,798236.8438,0
DUO858167/20260224,DUO858167,20260224,467127.2838,467127.2838,0,307987.4,307987.4,0,32355.5,32355.5,0,808611.3338,808611.3338,0
DUO858167/20260225,DUO858167,20260225,154390.8143,154390.8143,0,559991,559991,0,114835.4,114835.4,0,830410.4143,830410.4143,0
DUO858167/20260226,DUO858167,20260226,445513.9792,445513.9792,0,368483,368483,0,1552.8,12662.6,-11109.8,816742.9792,827852.7792,-11109.8
DUO858167/20260227,DUO858167,20260227,622335.9428,622335.9428,0,122535,122535,0,0,0,0,746116.5828,746116.5828,0
DUO858213/20260223,DUO858213,20260223,-80672.015,3239.2,-83911.215,166419,166419,0,347400,347400,0,433312.485,517223.7,-83911.215
DUO858213/20260224,DUO858213,20260224,-80672.015,3239.2,-83911.215,166806,166806,0,384000,384000,0,470299.485,554210.7,-83911.215
DUO858213/20260225,DUO858213,20260225,9659.2645,9659.2645,0,0,0,0,610650,610650,0,620474.7645,620474.7645,0
DUO858213/20260226,DUO858213,20260226,9659.2645,9659.2645,0,0,0,0,24150,24150,0,33974.7645,33974.7645,0
DUO858213/20260227,DUO858213,20260227,9659.2645,9659.2645,0,0,0,0,6210,6210,0,16034.7645,16034.7645,0
DUO859340/20260223,DUO859340,20260223,1005335.25,1005335.25,0,0,0,0,0,0,0,1007244.57,1007244.57,0
DUO859340/20260224,DUO859340,20260224,1005335.25,1005335.25,0,0,0,0,0,0,0,1007331.39,1007331.39,0
DUO859340/20260225,DUO859340,20260225,1005335.25,1005335.25,0,0,0,0,0,0,0,1007418.21,1007418.21,0
DUO859340/20260226,DUO859340,20260226,1005335.25,1005335.25,0,0,0,0,0,0,0,1007505.03,1007505.03,0
DUO859340/20260227,DUO859340,20260227,1005335.25,1005335.25,0,0,0,0,0,0,0,1007591.85,1007591.85,0
DUO858252/20260223,DUO858252,20260223,5552.9148,5552.9148,0,976189.5,976189.5,0,0,0,0,981742.4148,981742.4148,0
DUO858252/20260224,DUO858252,20260224,5552.9148,5552.9148,0,983693.8,983693.8,0,0,0,0,989246.7148,989246.7148,0
DUO858252/20260225,DUO858252,20260225,5552.9148,5552.9148,0,980642.11,980642.11,0,0,0,0,986195.0248,986195.0248,0
DUO858252/20260226,DUO858252,20260226,5552.9148,5552.9148,0,977664.1,977664.1,0,0,0,0,983217.0148,983217.0148,0
DUO858252/20260227,DUO858252,20260227,5552.9148,5552.9148,0,971807.75,971807.75,0,0,0,0,977360.6648,977360.6648,0
DUO858308/20260223,DUO858308,20260223,1001328.206,1001328.206,0,0,0,0,0,0,0,1003229.826,1003229.826,0
DUO858308/20260224,DUO858308,20260224,1001328.206,1001328.206,0,0,0,0,0,0,0,1003316.296,1003316.296,0
DUO858308/20260225,DUO858308,20260225,1001328.206,1001328.206,0,0,0,0,0,0,0,1003402.766,1003402.766,0
DUO858308/20260226,DUO858308,20260226,1001328.206,1001328.206,0,0,0,0,0,0,0,1003489.236,1003489.236,0
DUO858308/20260227,DUO858308,20260227,1001328.206,1001328.206,0,0,0,0,0,0,0,1003575.706,1003575.706,0
DUO858706/20260223,DUO858706,20260223,995914.6792,995914.6792,0,0,0,0,33796.36,33796.36,0,1031603.249,1031603.249,0
DUO858706/20260224,DUO858706,20260224,995914.6792,995914.6792,0,0,0,0,36519.08,36519.08,0,1034411.959,1034411.959,0
DUO858706/20260225,DUO858706,20260225,987049.3742,987049.3742,0,0,0,0,43006.42,43006.42,0,1032119.984,1032119.984,0
DUO858706/20260226,DUO858706,20260226,987049.3742,987049.3742,0,0,0,0,52056.32,52056.32,0,1041255.874,1041255.874,0
DUO858706/20260227,DUO858706,20260227,900536.908,900536.908,0,0,0,0,152007.8,152007.8,0,1054780.108,1054780.108,0
DUO858320/20260223,DUO858320,20260223,1298118.175,1298118.175,0,0,0,0,0,0,0,1299745.915,1300038.335,-292.42
DUO858320/20260224,DUO858320,20260224,1298118.175,1298118.175,0,0,0,0,0,0,0,1299858.265,1300150.685,-292.42
DUO858320/20260225,DUO858320,20260225,1298118.175,1298118.175,0,0,0,0,0,0,0,1299970.615,1300263.035,-292.42
DUO858320/20260226,DUO858320,20260226,1298118.175,1298118.175,0,0,0,0,0,0,0,1300082.965,1300375.385,-292.42
DUO858320/20260227,DUO858320,20260227,1298118.175,1298118.175,0,0,0,0,0,0,0,1300195.315,1300487.735,-292.42
DUO858796/20260223,DUO858796,20260223,273890.5737,273890.5737,0,761112.99,1358542.99,-597430,0,0,0,1035089.791,1633134.631,-598044.84
DUO858796/20260224,DUO858796,20260224,273890.5737,273890.5737,0,778263.67,1379943.67,-601680,0,0,0,1052240.471,1654535.311,-602294.84
DUO858796/20260225,DUO858796,20260225,-1088896.426,0,-1088896.426,2149481.59,2367611.59,-218130,0,0,0,1060641.031,2368371.478,-1307730.446
DUO858796/20260226,DUO858796,20260226,-1088777.116,0,-1088777.116,2080182.6,2305402.6,-225220,0,0,0,991461.3513,2306162.488,-1314701.136
DUO858796/20260227,DUO858796,20260227,-1089442.396,0,-1089442.396,2038500.95,2266700.95,-228200,0,0,0,948900.7713,2267460.838,-1318560.066
DUO858010/20260223,DUO858010,20260223,1005335.25,1005335.25,0,0,0,0,0,0,0,1007244.57,1007244.57,0
DUO858010/20260224,DUO858010,20260224,1005335.25,1005335.25,0,0,0,0,0,0,0,1007331.39,1007331.39,0
DUO858010/20260225,DUO858010,20260225,1005335.25,1005335.25,0,0,0,0,0,0,0,1007418.21,1007418.21,0
DUO858010/20260226,DUO858010,20260226,1005335.25,1005335.25,0,0,0,0,0,0,0,1007505.03,1007505.03,0
DUO858010/20260227,DUO858010,20260227,1005335.25,1005335.25,0,0,0,0,0,0,0,1007591.85,1007591.85,0
DUO858142/20260223,DUO858142,20260223,1005335.25,1005335.25,0,0,0,0,0,0,0,1007244.57,1007244.57,0
DUO858142/20260224,DUO858142,20260224,1005335.25,1005335.25,0,0,0,0,0,0,0,1007331.39,1007331.39,0
DUO858142/20260225,DUO858142,20260225,1005335.25,1005335.25,0,0,0,0,0,0,0,1007418.21,1007418.21,0
DUO858142/20260226,DUO858142,20260226,1005335.25,1005335.25,0,0,0,0,0,0,0,1007505.03,1007505.03,0
DUO858142/20260227,DUO858142,20260227,1005335.25,1005335.25,0,0,0,0,0,0,0,1007591.85,1007591.85,0
DUO858287/20260223,DUO858287,20260223,87133.28405,87133.28405,0,0,0,0,676123.75,1176737.25,-500613.5,763677.4341,1264355.514,-500678.08
DUO858287/20260224,DUO858287,20260224,87133.28405,87133.28405,0,0,0,0,534494.52,901916.12,-367421.6,622048.2041,989534.3841,-367486.18
DUO858287/20260225,DUO858287,20260225,30211.85251,30211.85251,0,0,0,0,434911.92,644686.92,-209775,465544.1725,675383.7525,-209839.58
DUO858287/20260226,DUO858287,20260226,30211.85251,30211.85251,0,0,0,0,532151.27,818593.77,-286442.5,562783.5225,849290.6025,-286507.08
DUO858287/20260227,DUO858287,20260227,314284.4034,314284.4034,0,0,0,0,257653.03,368453.93,-110800.9,572357.8334,683223.3134,-110865.48
DUO858223/20260223,DUO858223,20260223,-730720.5357,33033.73,-763754.2657,1703186.4,1703186.4,0,0,0,0,970363.7043,1736220.13,-765856.4257
DUO858223/20260224,DUO858223,20260224,-728095.5357,35658.73,-763754.2657,1689163.5,1689163.5,0,0,0,0,958870.3643,1724822.23,-765951.8657
DUO858223/20260225,DUO858223,20260225,-727139.1257,36615.14,-763754.2657,1683221.7,1683221.7,0,0,0,0,953789.4043,1719836.84,-766047.4357
DUO858223/20260226,DUO858223,20260226,-727139.1257,36615.14,-763754.2657,1669714.8,1669714.8,0,0,0,0,940187.2643,1706329.94,-766142.6757
DUO858223/20260227,DUO858223,20260227,-727139.1257,36615.14,-763754.2657,1696204.1,1696204.1,0,0,0,0,966581.4543,1732819.24,-766237.7857
DUO858340/20260223,DUO858340,20260223,1005335.25,1005335.25,0,0,0,0,0,0,0,1007244.57,1007244.57,0
DUO858340/20260224,DUO858340,20260224,1005335.25,1005335.25,0,0,0,0,0,0,0,1007331.39,1007331.39,0
DUO858340/20260225,DUO858340,20260225,1005335.25,1005335.25,0,0,0,0,0,0,0,1007418.21,1007418.21,0
DUO858340/20260226,DUO858340,20260226,1005335.25,1005335.25,0,0,0,0,0,0,0,1007505.03,1007505.03,0
DUO858340/20260227,DUO858340,20260227,1005335.25,1005335.25,0,0,0,0,0,0,0,1007591.85,1007591.85,0
DUO858153/20260223,DUO858153,20260223,1005335.25,1005335.25,0,0,0,0,0,0,0,1007244.57,1007244.57,0
DUO858153/20260224,DUO858153,20260224,1005335.25,1005335.25,0,0,0,0,0,0,0,1007331.39,1007331.39,0
DUO858153/20260225,DUO858153,20260225,1005335.25,1005335.25,0,0,0,0,0,0,0,1007418.21,1007418.21,0
DUO858153/20260226,DUO858153,20260226,1005335.25,1005335.25,0,0,0,0,0,0,0,1007505.03,1007505.03,0
DUO858153/20260227,DUO858153,20260227,1005335.25,1005335.25,0,0,0,0,0,0,0,1007591.85,1007591.85,0
DUO858325/20260223,DUO858325,20260223,32071.21471,32071.21471,0,-21506.61,0,-21506.61,0,0,0,10910.32471,32416.93471,-21506.61
DUO858325/20260224,DUO858325,20260224,32071.21471,32071.21471,0,-21453.48,0,-21453.48,0,0,0,10963.45471,32416.93471,-21453.48
DUO858325/20260225,DUO858325,20260225,32071.21471,32071.21471,0,-21599.07,0,-21599.07,0,0,0,10817.86471,32416.93471,-21599.07
DUO858325/20260226,DUO858325,20260226,32071.21471,32071.21471,0,-21193.35,0,-21193.35,0,0,0,11223.58471,32416.93471,-21193.35
DUO858325/20260227,DUO858325,20260227,32071.21471,32071.21471,0,-21488.67,0,-21488.67,0,0,0,10928.26471,32416.93471,-21488.67
DUO859247/20260223,DUO859247,20260223,1163749.002,1163749.002,0,-36982.71,0,-36982.71,0,0,0,1128904.592,1165887.302,-36982.71
DUO859247/20260224,DUO859247,20260224,1163749.002,1163749.002,0,-37407.79,0,-37407.79,0,0,0,1128576.852,1165984.642,-37407.79
DUO859247/20260225,DUO859247,20260225,1163749.002,1163749.002,0,-37855.39,0,-37855.39,0,0,0,1128226.612,1166082.002,-37855.39
DUO859247/20260226,DUO859247,20260226,1163749.002,1163749.002,0,-36595.04,0,-36595.04,0,0,0,1129584.292,1166179.332,-36595.04
DUO859247/20260227,DUO859247,20260227,1163749.002,1163749.002,0,-36056.52,0,-36056.52,0,0,0,1130220.102,1166276.622,-36056.52
DUO858779/20260223,DUO858779,20260223,218966.0978,218966.0978,0,758163.89,758163.89,0,0,0,0,977491.7578,977491.7578,0
DUO858779/20260224,DUO858779,20260224,218966.0978,218966.0978,0,765701.63,765701.63,0,0,0,0,985029.4978,985029.4978,0
DUO858779/20260225,DUO858779,20260225,218966.0978,218966.0978,0,774297.28,774297.28,0,0,0,0,993625.1478,993625.1478,0
DUO858779/20260226,DUO858779,20260226,218966.0978,218966.0978,0,764706.99,764706.99,0,0,0,0,984089.5478,984089.5478,0
DUO858779/20260227,DUO858779,20260227,218966.0978,218966.0978,0,741412.27,741412.27,0,0,0,0,960794.8278,960794.8278,0
DUO858355/20260223,DUO858355,20260223,1005335.25,1005335.25,0,0,0,0,0,0,0,1007244.57,1007244.57,0
DUO858355/20260224,DUO858355,20260224,1005335.25,1005335.25,0,0,0,0,0,0,0,1007331.39,1007331.39,0
DUO858355/20260225,DUO858355,20260225,1005335.25,1005335.25,0,0,0,0,0,0,0,1007418.21,1007418.21,0
DUO858355/20260226,DUO858355,20260226,1005335.25,1005335.25,0,0,0,0,0,0,0,1007505.03,1007505.03,0
DUO858355/20260227,DUO858355,20260227,1005335.25,1005335.25,0,0,0,0,0,0,0,1007591.85,1007591.85,0
DUO859347/20260223,DUO859347,20260223,1018000,1018000,0,0,0,0,0,0,0,830147.52,1018000,0
DUO859347/20260224,DUO859347,20260224,1018000,1018000,0,0,0,0,0,0,0,830147.52,1018000,0
DUO859347/20260225,DUO859347,20260225,1018000,1018000,0,0,0,0,0,0,0,830147.52,1018000,0
DUO859347/20260226,DUO859347,20260226,1018000,1018000,0,0,0,0,0,0,0,830147.52,1018000,0
DUO859347/20260227,DUO859347,20260227,1018000,1018000,0,0,0,0,0,0,0,830147.52,1018000,0
DUO858573/20260223,DUO858573,20260223,1005335.25,1005335.25,0,0,0,0,0,0,0,1007244.57,1007244.57,0
DUO858573/20260224,DUO858573,20260224,1005335.25,1005335.25,0,0,0,0,0,0,0,1007331.39,1007331.39,0
DUO858573/20260225,DUO858573,20260225,1005335.25,1005335.25,0,0,0,0,0,0,0,1007418.21,1007418.21,0
DUO858573/20260226,DUO858573,20260226,1005335.25,1005335.25,0,0,0,0,0,0,0,1007505.03,1007505.03,0
DUO858573/20260227,DUO858573,20260227,1005335.25,1005335.25,0,0,0,0,0,0,0,1007591.85,1007591.85,0
DUO858786/20260223,DUO858786,20260223,1118396.069,1118396.069,0,37928,37928,0,0,0,0,1157705.219,1157705.219,0
DUO858786/20260224,DUO858786,20260224,1118396.069,1118396.069,0,38676,38676,0,0,0,0,1158549.899,1158549.899,0
DUO858786/20260225,DUO858786,20260225,1118396.069,1118396.069,0,40524,40524,0,0,0,0,1160494.579,1160494.579,0
DUO858786/20260226,DUO858786,20260226,1160330.074,1160330.074,0,0,0,0,0,0,0,1162001.264,1162001.264,0
DUO858786/20260227,DUO858786,20260227,1160330.074,1160330.074,0,0,0,0,0,0,0,1162097.944,1162097.944,0
DUO858245/20260223,DUO858245,20260223,386625.7072,386625.7072,0,617934,682390,-64456,0,0,0,1006163.837,1070619.837,-64456
DUO858245/20260224,DUO858245,20260224,386625.7072,386625.7072,0,624086,687350,-63264,0,0,0,1012315.837,1075579.837,-63264
DUO858245/20260225,DUO858245,20260225,386625.7072,386625.7072,0,629118,693150,-64032,0,0,0,1017402.237,1081434.237,-64032
DUO858245/20260226,DUO858245,20260226,386625.7072,386625.7072,0,624940,689300,-64360,0,0,0,1013224.237,1077584.237,-64360
DUO858245/20260227,DUO858245,20260227,386625.7072,386625.7072,0,617998,685990,-67992,0,0,0,1006336.567,1074328.567,-67992
DUO858332/20260223,DUO858332,20260223,1122239.832,1122239.832,0,0,0,0,0,0,0,1123941.762,1123941.762,0
DUO858332/20260224,DUO858332,20260224,1122239.832,1122239.832,0,0,0,0,0,0,0,1123941.762,1123941.762,0
DUO858332/20260225,DUO858332,20260225,1122239.832,1122239.832,0,0,0,0,0,0,0,1124064.352,1124064.352,0
DUO858332/20260226,DUO858332,20260226,1122239.832,1122239.832,0,0,0,0,0,0,0,1124161.362,1124161.362,0
DUO858332/20260227,DUO858332,20260227,1122239.832,1122239.832,0,0,0,0,0,0,0,1124258.372,1124258.372,0
DUO858216/20260223,DUO858216,20260223,634626.27,634626.27,0,372375.01,372375.01,0,0,0,0,1008278.87,1008278.87,0
DUO858216/20260224,DUO858216,20260224,634626.27,634626.27,0,385093.74,385093.74,0,0,0,0,1021052.08,1021052.08,0
DUO858216/20260225,DUO858216,20260225,553648.052,553648.052,0,388849.42,388849.42,0,79964,157000,-77036,1023848.022,1100884.022,-77036
DUO858216/20260226,DUO858216,20260226,553648.052,553648.052,0,395526.76,395526.76,0,26400,39500,-13100,977015.842,990115.842,-13100
DUO858216/20260227,DUO858216,20260227,553648.052,553648.052,0,393368.36,393368.36,0,9900,15700,-5800,958357.442,964157.442,-5800
DUO858311/20260223,DUO858311,20260223,1005335.25,1005335.25,0,0,0,0,0,0,0,1007244.57,1007244.57,0
DUO858311/20260224,DUO858311,20260224,1005335.25,1005335.25,0,0,0,0,0,0,0,1007331.39,1007331.39,0
DUO858311/20260225,DUO858311,20260225,1005335.25,1005335.25,0,0,0,0,0,0,0,1007418.21,1007418.21,0
DUO858311/20260226,DUO858311,20260226,1005335.25,1005335.25,0,0,0,0,0,0,0,1007505.03,1007505.03,0
DUO858311/20260227,DUO858311,20260227,1005335.25,1005335.25,0,0,0,0,0,0,0,1007591.85,1007591.85,0
DUO858345/20260223,DUO858345,20260223,271276.6734,271276.6734,0,718964.8,718964.8,0,0,0,0,990883.6134,990883.6134,0
DUO858345/20260224,DUO858345,20260224,271276.6734,271276.6734,0,727879.6,727879.6,0,0,0,0,999798.4134,999798.4134,0
DUO858345/20260225,DUO858345,20260225,271276.6734,271276.6734,0,736761.4,736761.4,0,0,0,0,1008680.213,1008680.213,0
DUO858345/20260226,DUO858345,20260226,271276.6734,271276.6734,0,721171.8,721171.8,0,0,0,0,993158.9834,993158.9834,0
DUO858345/20260227,DUO858345,20260227,252159.4589,252159.4589,0,725281.6,725281.6,0,0,0,0,978151.5689,978151.5689,0
DUO858204/20260223,DUO858204,20260223,355344.2674,355344.2674,0,0,0,0,226608.12,466488,-239879.88,581524.6374,822519.6774,-240995.04
DUO858204/20260224,DUO858204,20260224,355344.2674,355344.2674,0,0,0,0,235006.6,496327,-261320.4,589923.1174,852358.6774,-262435.56
DUO858204/20260225,DUO858204,20260225,203873.1124,203873.1124,0,0,0,0,424493.32,840334.24,-415840.92,628018.0824,1044974.162,-416956.08
DUO858204/20260226,DUO858204,20260226,203873.1124,203873.1124,0,0,0,0,104063.94,191353,-87289.06,307588.7024,395992.9224,-88404.22
DUO858204/20260227,DUO858204,20260227,203873.1124,203873.1124,0,0,0,0,32219.52,89902,-57682.48,235744.2824,294541.9224,-58797.64
DUO858183/20260302,DUO858183,20260302,151584.2196,151584.2196,0,0,0,0,382004.5,382004.5,0,536335.3196,536335.3196,0
DUO858183/20260303,DUO858183,20260303,1330086.244,1330086.244,0,0,0,0,0,0,0,1332921.194,1332921.194,0
DUO858183/20260304,DUO858183,20260304,1332744.784,1332744.784,0,0,0,0,0,0,0,1332921.194,1332921.194,0
DUO858183/20260305,DUO858183,20260305,1332744.784,1332744.784,0,0,0,0,0,0,0,1333048.814,1333048.814,0
DUO858183/20260306,DUO858183,20260306,1332744.784,1332744.784,0,0,0,0,0,0,0,1333164.184,1333164.184,0
DUO858183/20260309,DUO858183,20260309,1383973.497,1383973.497,0,0,0,0,0,0,0,1384739.007,1384739.007,0
DUO858183/20260310,DUO858183,20260310,1383973.497,1383973.497,0,0,0,0,0,0,0,1384854.377,1384854.377,0
DUO858293/20260302,DUO858293,20260302,1005335.25,1005335.25,0,0,0,0,0,0,0,1007852.31,1007852.31,0
DUO858293/20260303,DUO858293,20260303,1005335.25,1005335.25,0,0,0,0,0,0,0,1007939.13,1007939.13,0
DUO858293/20260304,DUO858293,20260304,1007765.49,1007765.49,0,0,0,0,0,0,0,1008025.95,1008025.95,0
DUO858293/20260305,DUO858293,20260305,1007765.49,1007765.49,0,0,0,0,0,0,0,1008112.98,1008112.98,0
DUO858293/20260306,DUO858293,20260306,1007765.49,1007765.49,0,0,0,0,0,0,0,1008200.01,1008200.01,0
DUO858293/20260309,DUO858293,20260309,1007765.49,1007765.49,0,0,0,0,0,0,0,1008461.1,1008461.1,0
DUO858293/20260310,DUO858293,20260310,1007765.49,1007765.49,0,0,0,0,0,0,0,1008548.13,1008548.13,0
DUO858241/20260302,DUO858241,20260302,1005335.25,1005335.25,0,0,0,0,0,0,0,1007852.31,1007852.31,0
DUO858241/20260303,DUO858241,20260303,1005335.25,1005335.25,0,0,0,0,0,0,0,1007939.13,1007939.13,0
DUO858241/20260304,DUO858241,20260304,1007765.49,1007765.49,0,0,0,0,0,0,0,1008025.95,1008025.95,0
DUO858241/20260305,DUO858241,20260305,1007765.49,1007765.49,0,0,0,0,0,0,0,1008112.98,1008112.98,0
DUO858241/20260306,DUO858241,20260306,1007765.49,1007765.49,0,0,0,0,0,0,0,1008200.01,1008200.01,0
DUO858241/20260309,DUO858241,20260309,1007765.49,1007765.49,0,0,0,0,0,0,0,1008461.1,1008461.1,0
DUO858241/20260310,DUO858241,20260310,1007765.49,1007765.49,0,0,0,0,0,0,0,1008548.13,1008548.13,0
DUO858732/20260302,DUO858732,20260302,228551.2291,228551.2291,0,760257.03,760257.03,0,19776.8,19776.8,0,1009123.229,1009123.229,0
DUO858732/20260303,DUO858732,20260303,229552.2591,229552.2591,0,758913.45,758913.45,0,18993.3,18993.3,0,1007997.179,1007997.179,0
DUO858732/20260304,DUO858732,20260304,230090.4291,230090.4291,0,762421.75,762421.75,0,14296.6,14296.6,0,1006866.139,1006866.139,0
DUO858732/20260305,DUO858732,20260305,230090.4291,230090.4291,0,758877.01,758877.01,0,14153.6,14153.6,0,1003178.399,1003178.399,0
DUO858732/20260306,DUO858732,20260306,230090.4291,230090.4291,0,752807.44,752807.44,0,16263.1,16263.1,0,999218.3291,999218.3291,0
DUO858732/20260309,DUO858732,20260309,210089.4292,210089.4292,0,778710.62,778710.62,0,13568.3,13568.3,0,1002521.709,1002521.709,0
DUO858732/20260310,DUO858732,20260310,210223.1992,210223.1992,0,780627.31,780627.31,0,13724.7,13724.7,0,1004728.569,1004728.569,0
DUO860245/20260302,DUO860245,20260302,975769.0147,975769.0147,0,368765,368765,0,0,0,0,1344728.195,1345114.745,-386.55
DUO860245/20260303,DUO860245,20260303,364312.5061,364312.5061,0,875890,875890,0,0,0,0,1240459.936,1240846.486,-386.55
DUO860245/20260304,DUO860245,20260304,752895.4691,752895.4691,0,326673,326673,0,202523,202523,0,1282306.299,1282306.299,0
DUO860245/20260305,DUO860245,20260305,775308.6606,775308.6606,0,515105,515105,0,0,0,0,1290628.491,1290628.491,0
DUO860245/20260306,DUO860245,20260306,1331651.627,1331651.627,0,0,0,0,17696.5,17696.5,0,1349658.357,1349658.357,0
DUO860245/20260309,DUO860245,20260309,1040267.635,1040267.635,0,0,0,0,0,0,0,1040778.085,1040778.085,0
DUO860245/20260310,DUO860245,20260310,1090120.127,1090120.127,0,0,0,0,0,0,0,1090745.687,1090745.687,0
DUO858565/20260302,DUO858565,20260302,8407.475075,8407.475075,0,1015501.02,1015501.02,0,0,0,0,1023908.495,1023908.495,0
DUO858565/20260303,DUO858565,20260303,8433.475075,8433.475075,0,1000428.34,1000428.34,0,0,0,0,1008861.815,1008861.815,0
DUO858565/20260304,DUO858565,20260304,8433.475075,8433.475075,0,1014580.43,1014580.43,0,0,0,0,1023013.905,1023013.905,0
DUO858565/20260305,DUO858565,20260305,8433.475075,8433.475075,0,1009205.07,1009205.07,0,0,0,0,1017638.545,1017638.545,0
DUO858565/20260306,DUO858565,20260306,8433.475075,8433.475075,0,990982.16,990982.16,0,0,0,0,999415.6351,999415.6351,0
DUO858565/20260309,DUO858565,20260309,8433.475075,8433.475075,0,1005558.16,1005558.16,0,0,0,0,1013991.635,1013991.635,0
DUO858565/20260310,DUO858565,20260310,8433.475075,8433.475075,0,1008640.61,1008640.61,0,0,0,0,1017074.085,1017074.085,0
DUO860184/20260302,DUO860184,20260302,1079651.519,1079651.519,0,0,0,0,0,0,0,1080560.519,1080647.719,-87.2
DUO860184/20260303,DUO860184,20260303,1350695.25,1350695.25,0,0,0,0,0,0,0,1351697.55,1351784.75,-87.2
DUO860184/20260304,DUO860184,20260304,1351510.95,1351510.95,0,0,0,0,0,0,0,1351791,1351791,0
DUO860184/20260305,DUO860184,20260305,1351510.95,1351510.95,0,0,0,0,0,0,0,1351908.01,1351908.01,0
DUO860184/20260306,DUO860184,20260306,1049495.555,1049495.555,0,301626,301626,0,0,0,0,1351635.625,1351635.625,0
DUO860184/20260309,DUO860184,20260309,1049495.555,1049495.555,0,305742,305742,0,0,0,0,1356102.655,1356102.655,0
DUO860184/20260310,DUO860184,20260310,1049495.555,1049495.555,0,304102,304102,0,0,0,0,1354553.325,1354553.325,0
DUO858580/20260302,DUO858580,20260302,4538.1292,4538.1292,0,994247.9,994247.9,0,0,0,0,998786.0292,998786.0292,0
DUO858580/20260303,DUO858580,20260303,4694.1292,4694.1292,0,976550.7,976550.7,0,0,0,0,981244.8292,981244.8292,0
DUO858580/20260304,DUO858580,20260304,4694.1292,4694.1292,0,992854.5,992854.5,0,0,0,0,997548.6292,997548.6292,0
DUO858580/20260305,DUO858580,20260305,4694.1292,4694.1292,0,983129.8,983129.8,0,0,0,0,987823.9292,987823.9292,0
DUO858580/20260306,DUO858580,20260306,4694.1292,4694.1292,0,969048.3,969048.3,0,0,0,0,973742.4292,973742.4292,0
DUO858580/20260309,DUO858580,20260309,4694.1292,4694.1292,0,982598.3,982598.3,0,0,0,0,987292.4292,987292.4292,0
DUO858580/20260310,DUO858580,20260310,4736.1292,4736.1292,0,990585.2,990585.2,0,0,0,0,995321.3292,995321.3292,0
DUO858257/20260302,DUO858257,20260302,808354.93,808354.93,0,185233.2,185233.2,0,0,0,0,995606.77,995606.77,0
DUO858257/20260303,DUO858257,20260303,808354.93,808354.93,0,184962.4,184962.4,0,0,0,0,995405.6,995405.6,0
DUO858257/20260304,DUO858257,20260304,810303.94,810303.94,0,188650,188650,0,0,0,0,999162.83,999162.83,0
DUO858257/20260305,DUO858257,20260305,810303.94,810303.94,0,189510.4,189510.4,0,0,0,0,1000093.03,1000093.03,0
DUO858257/20260306,DUO858257,20260306,810303.94,810303.94,0,188770.2,188770.2,0,0,0,0,999422.63,999422.63,0
DUO858257/20260309,DUO858257,20260309,810303.94,810303.94,0,190160.8,190160.8,0,0,0,0,1001022.63,1001022.63,0
DUO858257/20260310,DUO858257,20260310,810355.12,810355.12,0,186819.8,186819.8,0,0,0,0,997802.61,997802.61,0
DUO858280/20260302,DUO858280,20260302,124225.2322,124225.2322,0,969520,969520,0,0,0,0,1093895.062,1093895.062,0
DUO858280/20260303,DUO858280,20260303,125127.1322,125127.1322,0,957610,957610,0,0,0,0,1082886.962,1082886.962,0
DUO858280/20260304,DUO858280,20260304,191963.4022,191963.4022,0,888266.9,888266.9,0,0,0,0,1080230.302,1080230.302,0
DUO858280/20260305,DUO858280,20260305,191963.4022,191963.4022,0,859351.85,859351.85,0,0,0,0,1051315.252,1051315.252,0
DUO858280/20260306,DUO858280,20260306,191963.4022,191963.4022,0,860969.05,860969.05,0,0,0,0,1052988.412,1052988.412,0
DUO858280/20260309,DUO858280,20260309,1006267.159,1006267.159,0,0,0,0,0,0,0,1006323.119,1006323.119,0
DUO858280/20260310,DUO858280,20260310,575698.0292,651357.3834,-75659.35421,0,0,0,242491.8,242491.8,0,818245.7892,893905.1434,-75659.35421
DUO858271/20260302,DUO858271,20260302,228659.3027,228659.3027,0,246388,246388,0,103038.6,103038.6,0,578621.3627,578621.3627,0
DUO858271/20260303,DUO858271,20260303,104431.5423,104431.5423,0,141155.5,141155.5,0,287262.6,287262.6,0,533385.1023,533385.1023,0
DUO858271/20260304,DUO858271,20260304,26482.54856,26482.54856,0,273283,273283,0,257692.4,257692.4,0,557457.9486,557457.9486,0
DUO858271/20260305,DUO858271,20260305,70930.95236,70930.95236,0,269538,269538,0,150799.2,150799.2,0,491268.1524,491268.1524,0
DUO858271/20260306,DUO858271,20260306,49110.40695,49110.40695,0,268708,268708,0,261714.38,261714.38,0,579532.7869,579532.7869,0
DUO858271/20260309,DUO858271,20260309,438252.2113,438252.2113,0,0,0,0,0,0,0,438252.2113,438252.2113,0
DUO858271/20260310,DUO858271,20260310,54593.59161,54593.59161,0,0,0,0,170560.65,170560.65,0,225154.2416,225154.2416,0
DUO880904/20260302,DUO880904,20260302,1005241.76,1005241.76,0,0,0,0,0,0,0,1007758.53,1007758.53,0
DUO880904/20260303,DUO880904,20260303,1005241.76,1005241.76,0,0,0,0,0,0,0,1007845.34,1007845.34,0
DUO880904/20260304,DUO880904,20260304,1007671.72,1007671.72,0,0,0,0,0,0,0,1007932.15,1007932.15,0
DUO880904/20260305,DUO880904,20260305,1007671.72,1007671.72,0,0,0,0,0,0,0,1008019.17,1008019.17,0
DUO880904/20260306,DUO880904,20260306,1007671.72,1007671.72,0,0,0,0,0,0,0,1008106.19,1008106.19,0
DUO880904/20260309,DUO880904,20260309,1007671.72,1007671.72,0,0,0,0,0,0,0,1008367.25,1008367.25,0
DUO880904/20260310,DUO880904,20260310,1007671.72,1007671.72,0,0,0,0,0,0,0,1008454.27,1008454.27,0
DUO860400/20260302,DUO860400,20260302,935750.6606,935750.6606,0,412252,412252,0,0,0,0,1349065.281,1349153.851,-88.57
DUO860400/20260303,DUO860400,20260303,2109216.171,2109216.171,0,-584120,0,-584120,0,0,0,1526212.731,2110421.301,-584208.57
DUO860400/20260304,DUO860400,20260304,1442006.522,1442006.522,0,45500,45500,0,0,0,0,1487717.152,1487717.152,0
DUO860400/20260305,DUO860400,20260305,1478023.121,1478023.121,0,-30230,135020,-165250,0,0,0,1448134.601,1613384.601,-165250
DUO860400/20260306,DUO860400,20260306,1452612.861,1452612.861,0,-14070,44980,-59050,34375,34375,0,1473384.231,1532434.231,-59050
DUO860400/20260309,DUO860400,20260309,1452612.861,1452612.861,0,-16290,44690,-60980,20843.25,20843.25,0,1458025.801,1519005.801,-60980
DUO860400/20260310,DUO860400,20260310,1452612.861,1452612.861,0,-17935,43450,-61385,19750,19750,0,1455408.011,1516793.011,-61385
DUO858195/20260302,DUO858195,20260302,489228.7932,489228.7932,0,0,0,0,327794,1991114,-1663320,819346.3032,2482666.303,-1663320
DUO858195/20260303,DUO858195,20260303,744982.3862,744982.3862,0,0,0,0,540270,4069764,-3529494,1287658.146,4817152.146,-3529494
DUO858195/20260304,DUO858195,20260304,1269548.039,1269548.039,0,0,0,0,0,0,0,1269713.119,1269713.119,0
DUO858195/20260305,DUO858195,20260305,1269548.039,1269548.039,0,0,0,0,0,0,0,1269818.989,1269818.989,0
DUO858195/20260306,DUO858195,20260306,1269548.039,1269548.039,0,0,0,0,0,0,0,1269928.849,1269928.849,0
DUO858195/20260309,DUO858195,20260309,1323010.977,1323010.977,0,0,0,0,0,0,0,1323721.367,1323721.367,0
DUO858195/20260310,DUO858195,20260310,1323010.977,1323010.977,0,0,0,0,0,0,0,1323831.217,1323831.217,0
DUO858694/20260302,DUO858694,20260302,829832.8849,829832.8849,0,179474.24,179474.24,0,0,0,0,1011380.315,1011380.315,0
DUO858694/20260303,DUO858694,20260303,829832.8849,829832.8849,0,177660.08,177660.08,0,0,0,0,1009637.665,1009637.665,0
DUO858694/20260304,DUO858694,20260304,831834.5649,831834.5649,0,178928.13,178928.13,0,0,0,0,1010977.225,1010977.225,0
DUO858694/20260305,DUO858694,20260305,831834.5649,831834.5649,0,177213.39,177213.39,0,0,0,0,1009334.165,1009334.165,0
DUO858694/20260306,DUO858694,20260306,831834.5649,831834.5649,0,175521.34,175521.34,0,0,0,0,1007713.795,1007713.795,0
DUO858694/20260309,DUO858694,20260309,831834.5649,831834.5649,0,177164.85,177164.85,0,0,0,0,1009572.345,1009572.345,0
DUO858694/20260310,DUO858694,20260310,831834.5649,831834.5649,0,176596.31,176596.31,0,0,0,0,1009075.485,1009075.485,0
DUO858167/20260302,DUO858167,20260302,348337.1455,348337.1455,0,121290,121290,0,71449.25,133480.25,-62031,542397.8955,604428.8955,-62031
DUO858167/20260303,DUO858167,20260303,530805.8577,530805.8577,0,155407,155407,0,23164.25,23164.25,0,710789.8777,710789.8777,0
DUO858167/20260304,DUO858167,20260304,591324.8712,591324.8712,0,117135,117135,0,0,0,0,708551.1412,708551.1412,0
DUO858167/20260305,DUO858167,20260305,709217.0787,709217.0787,0,0,0,0,0,0,0,709383.3587,709383.3587,0
DUO858167/20260306,DUO858167,20260306,709217.0787,709217.0787,0,0,0,0,0,0,0,709434.0587,709434.0587,0
DUO858167/20260309,DUO858167,20260309,709217.0787,709217.0787,0,0,0,0,0,0,0,709617.0287,709617.0287,0
DUO858167/20260310,DUO858167,20260310,709217.0787,709217.0787,0,0,0,0,0,0,0,709678.0187,709678.0187,0
DUO858213/20260302,DUO858213,20260302,9671.14342,9671.14342,0,0,0,0,0,0,0,9854.31342,9877.35342,-23.04
DUO858213/20260303,DUO858213,20260303,9671.14342,9671.14342,0,0,0,0,0,0,0,9854.31342,9877.35342,-23.04
DUO858213/20260304,DUO858213,20260304,1451.16709,1451.16709,0,0,0,0,763.27,763.27,0,2214.43709,2214.43709,0
DUO858213/20260305,DUO858213,20260305,1451.16709,1451.16709,0,0,0,0,89.6,89.6,0,1540.76709,1540.76709,0
DUO858213/20260306,DUO858213,20260306,1451.16709,1451.16709,0,0,0,0,0,0,0,1451.16709,1451.16709,0
DUO858213/20260309,DUO858213,20260309,1451.16709,1451.16709,0,0,0,0,0,0,0,1451.16709,1451.16709,0
DUO858213/20260310,DUO858213,20260310,1451.16709,1451.16709,0,0,0,0,0,0,0,1451.16709,1451.16709,0
DUO859340/20260302,DUO859340,20260302,1005335.25,1005335.25,0,0,0,0,0,0,0,1007852.31,1007852.31,0
DUO859340/20260303,DUO859340,20260303,1005335.25,1005335.25,0,0,0,0,0,0,0,1007939.13,1007939.13,0
DUO859340/20260304,DUO859340,20260304,1007765.49,1007765.49,0,0,0,0,0,0,0,1008025.95,1008025.95,0
DUO859340/20260305,DUO859340,20260305,1007765.49,1007765.49,0,0,0,0,0,0,0,1008112.98,1008112.98,0
DUO859340/20260306,DUO859340,20260306,1007765.49,1007765.49,0,0,0,0,0,0,0,1008200.01,1008200.01,0
DUO859340/20260309,DUO859340,20260309,1007765.49,1007765.49,0,0,0,0,0,0,0,1008461.1,1008461.1,0
DUO859340/20260310,DUO859340,20260310,1007765.49,1007765.49,0,0,0,0,0,0,0,1008548.13,1008548.13,0
DUO858252/20260302,DUO858252,20260302,5552.9148,5552.9148,0,966618.5,966618.5,0,0,0,0,972171.4148,972171.4148,0
DUO858252/20260303,DUO858252,20260303,5552.9148,5552.9148,0,934539.58,934539.58,0,0,0,0,940092.4948,940092.4948,0
DUO858252/20260304,DUO858252,20260304,5552.9148,5552.9148,0,928577.17,928577.17,0,0,0,0,934130.0848,934130.0848,0
DUO858252/20260305,DUO858252,20260305,5552.9148,5552.9148,0,910093.63,910093.63,0,0,0,0,915646.5448,915646.5448,0
DUO858252/20260306,DUO858252,20260306,5552.9148,5552.9148,0,898842.01,898842.01,0,0,0,0,904394.9248,904394.9248,0
DUO858252/20260309,DUO858252,20260309,5552.9148,5552.9148,0,907048.33,907048.33,0,0,0,0,912601.2448,912601.2448,0
DUO858252/20260310,DUO858252,20260310,5552.9148,5552.9148,0,909763.63,909763.63,0,0,0,0,915316.5448,915316.5448,0
DUO858308/20260302,DUO858308,20260302,1001328.206,1001328.206,0,0,0,0,0,0,0,1003835.116,1003835.116,0
DUO858308/20260303,DUO858308,20260303,1001328.206,1001328.206,0,0,0,0,0,0,0,1003921.586,1003921.586,0
DUO858308/20260304,DUO858308,20260304,1003748.646,1003748.646,0,0,0,0,0,0,0,1004008.056,1004008.056,0
DUO858308/20260305,DUO858308,20260305,1003748.646,1003748.646,0,0,0,0,0,0,0,1004094.736,1004094.736,0
DUO858308/20260306,DUO858308,20260306,1003748.646,1003748.646,0,0,0,0,0,0,0,1004181.416,1004181.416,0
DUO858308/20260309,DUO858308,20260309,1003748.646,1003748.646,0,0,0,0,0,0,0,1004441.456,1004441.456,0
DUO858308/20260310,DUO858308,20260310,1003748.646,1003748.646,0,0,0,0,0,0,0,1004528.136,1004528.136,0
DUO858706/20260302,DUO858706,20260302,900536.908,900536.908,0,0,0,0,141461.66,141461.66,0,1044489.628,1044489.628,0
DUO858706/20260303,DUO858706,20260303,900536.908,900536.908,0,0,0,0,86014.06,86014.06,0,989119.698,989119.698,0
DUO858706/20260304,DUO858706,20260304,902942.748,902942.748,0,0,0,0,83882.72,83882.72,0,987066.028,987066.028,0
DUO858706/20260305,DUO858706,20260305,902942.748,902942.748,0,0,0,0,52745.72,52745.72,0,956006.908,956006.908,0
DUO858706/20260306,DUO858706,20260306,902942.748,902942.748,0,0,0,0,46954.62,46954.62,0,950293.688,950293.688,0
DUO858706/20260309,DUO858706,20260309,902942.748,902942.748,0,0,0,0,46784.31,46784.31,0,950357.018,950357.018,0
DUO858706/20260310,DUO858706,20260310,902942.748,902942.748,0,0,0,0,50685.94,50685.94,0,954336.528,954336.528,0
DUO858320/20260302,DUO858320,20260302,1298118.175,1298118.175,0,0,0,0,0,0,0,1300532.365,1300824.785,-292.42
DUO858320/20260303,DUO858320,20260303,1298118.175,1298118.175,0,0,0,0,0,0,0,1300644.715,1300937.135,-292.42
DUO858320/20260304,DUO858320,20260304,1300420.015,1300420.015,0,0,0,0,0,0,0,1300757.065,1300757.065,0
DUO858320/20260305,DUO858320,20260305,1300420.015,1300420.015,0,0,0,0,0,0,0,1300869.615,1300869.615,0
DUO858320/20260306,DUO858320,20260306,1300420.015,1300420.015,0,0,0,0,0,0,0,1300982.165,1300982.165,0
DUO858320/20260309,DUO858320,20260309,1300420.015,1300420.015,0,0,0,0,0,0,0,1301319.815,1301319.815,0
DUO858320/20260310,DUO858320,20260310,1165474.023,1165474.023,0,0,0,0,112041,112041,0,1278527.373,1278527.373,0
DUO858796/20260302,DUO858796,20260302,-1089442.396,0,-1089442.396,2061482.79,2290752.79,-229270,0,0,0,971458.3713,2291596.708,-1320138.336
DUO858796/20260303,DUO858796,20260303,-1089381.356,0,-1089381.356,2027902.5,2253132.5,-225230,0,0,0,937769.5213,2253976.418,-1316206.896
DUO858796/20260304,DUO858796,20260304,-1089808.036,0,-1089808.036,2055538.33,2281118.33,-225580,0,0,0,965235.6513,2281132.218,-1315896.566
DUO858796/20260305,DUO858796,20260305,-1089630.376,0,-1089630.376,2040690.67,2270340.67,-229650,0,0,0,950396.3713,2270354.558,-1319958.186
DUO858796/20260306,DUO858796,20260306,-1089630.376,0,-1089630.376,1991629.79,2219759.79,-228130,0,0,0,901166.1313,2219773.678,-1318607.546
DUO858796/20260309,DUO858796,20260309,-1087601.829,0,-1087601.829,2043310.89,2261090.89,-217780,0,0,0,954366.5584,2261104.778,-1306738.219
DUO858796/20260310,DUO858796,20260310,-1087601.829,0,-1087601.829,2061612.25,2273332.25,-211720,0,0,0,972553.2884,2273401.488,-1300848.199
DUO858010/20260302,DUO858010,20260302,1005335.25,1005335.25,0,0,0,0,0,0,0,1007852.31,1007852.31,0
DUO858010/20260303,DUO858010,20260303,1005335.25,1005335.25,0,0,0,0,0,0,0,1007939.13,1007939.13,0
DUO858010/20260304,DUO858010,20260304,1007765.49,1007765.49,0,0,0,0,0,0,0,1008025.95,1008025.95,0
DUO858010/20260305,DUO858010,20260305,1007765.49,1007765.49,0,0,0,0,0,0,0,1008112.98,1008112.98,0
DUO858010/20260306,DUO858010,20260306,1007765.49,1007765.49,0,0,0,0,0,0,0,1008200.01,1008200.01,0
DUO858010/20260309,DUO858010,20260309,1007765.49,1007765.49,0,0,0,0,0,0,0,1008461.1,1008461.1,0
DUO858010/20260310,DUO858010,20260310,1007765.49,1007765.49,0,0,0,0,0,0,0,1008548.13,1008548.13,0
DUO858142/20260302,DUO858142,20260302,1005335.25,1005335.25,0,0,0,0,0,0,0,1007852.31,1007852.31,0
DUO858142/20260303,DUO858142,20260303,1005335.25,1005335.25,0,0,0,0,0,0,0,1007939.13,1007939.13,0
DUO858142/20260304,DUO858142,20260304,1007765.49,1007765.49,0,0,0,0,0,0,0,1008025.95,1008025.95,0
DUO858142/20260305,DUO858142,20260305,1007765.49,1007765.49,0,0,0,0,0,0,0,1008112.98,1008112.98,0
DUO858142/20260306,DUO858142,20260306,1007765.49,1007765.49,0,0,0,0,0,0,0,1008200.01,1008200.01,0
DUO858142/20260309,DUO858142,20260309,1007765.49,1007765.49,0,0,0,0,0,0,0,1008461.1,1008461.1,0
DUO858142/20260310,DUO858142,20260310,1007765.49,1007765.49,0,0,0,0,0,0,0,1008548.13,1008548.13,0
DUO858287/20260302,DUO858287,20260302,315778.6322,315778.6322,0,0,0,0,236802.48,337887.08,-101084.6,553018.4622,654175.6622,-101157.2
DUO858287/20260303,DUO858287,20260303,403829.9503,403829.9503,0,-203855,46880,-250735,360710.99,509261.49,-148550.5,561123.2903,960481.3903,-399358.1
DUO858287/20260304,DUO858287,20260304,424720.0352,424720.0352,0,-209200,46480,-255680,228504.9,289464.9,-60960,444079.8952,760719.8952,-316640
DUO858287/20260305,DUO858287,20260305,424720.0352,424720.0352,0,-210970,46600,-257570,258023.8,324719.8,-66696,471828.7952,796094.7952,-324266
DUO858287/20260306,DUO858287,20260306,1836644.781,1836644.781,0,-1476360,47240,-1523600,155721.8,155721.8,0,516061.5408,2039661.541,-1523600
DUO858287/20260309,DUO858287,20260309,501511.3511,501511.3511,0,-223100,0,-223100,107366.26,107366.26,0,385897.3111,608997.3111,-223100
DUO858287/20260310,DUO858287,20260310,105131.6817,105131.6817,0,0,0,0,184531.4,184531.4,0,289908.6817,289908.6817,0
DUO858223/20260302,DUO858223,20260302,-727059.1257,36615.14,-763674.2657,1658388.3,1658388.3,0,0,0,0,928560.3243,1695003.44,-766443.1157
DUO858223/20260303,DUO858223,20260303,-727059.1257,36615.14,-763674.2657,1633680.7,1633680.7,0,0,0,0,903757.6543,1670295.84,-766538.1857
DUO858223/20260304,DUO858223,20260304,-729732.8457,36615.14,-766347.9857,1631470.3,1631470.3,0,0,0,0,901452.1543,1668085.44,-766633.2857
DUO858223/20260305,DUO858223,20260305,-729732.8457,36615.14,-766347.9857,1599092.4,1599092.4,0,0,0,0,868978.8043,1635707.54,-766728.7357
DUO858223/20260306,DUO858223,20260306,-729215.3457,36615.14,-765830.4857,1594056.7,1594056.7,0,0,0,0,864365.1543,1630671.84,-766306.6857
DUO858223/20260309,DUO858223,20260309,-729215.3457,36615.14,-765830.4857,1622581.1,1622581.1,0,0,0,0,892603.4843,1659196.24,-766592.7557
DUO858223/20260310,DUO858223,20260310,-729215.3457,36615.14,-765830.4857,1614297.5,1614297.5,0,0,0,0,884224.5043,1650912.64,-766688.1357
DUO858340/20260302,DUO858340,20260302,1005335.25,1005335.25,0,0,0,0,0,0,0,1007852.31,1007852.31,0
DUO858340/20260303,DUO858340,20260303,1005335.25,1005335.25,0,0,0,0,0,0,0,1007939.13,1007939.13,0
DUO858340/20260304,DUO858340,20260304,1007765.49,1007765.49,0,0,0,0,0,0,0,1008025.95,1008025.95,0
DUO858340/20260305,DUO858340,20260305,1007765.49,1007765.49,0,0,0,0,0,0,0,1008112.98,1008112.98,0
DUO858340/20260306,DUO858340,20260306,1007765.49,1007765.49,0,0,0,0,0,0,0,1008200.01,1008200.01,0
DUO858340/20260309,DUO858340,20260309,1007765.49,1007765.49,0,0,0,0,0,0,0,1008461.1,1008461.1,0
DUO858340/20260310,DUO858340,20260310,1007765.49,1007765.49,0,0,0,0,0,0,0,1008548.13,1008548.13,0
DUO858153/20260302,DUO858153,20260302,1005335.25,1005335.25,0,0,0,0,0,0,0,1007852.31,1007852.31,0
DUO858153/20260303,DUO858153,20260303,1005335.25,1005335.25,0,0,0,0,0,0,0,1007939.13,1007939.13,0
DUO858153/20260304,DUO858153,20260304,1007765.49,1007765.49,0,0,0,0,0,0,0,1008025.95,1008025.95,0
DUO858153/20260305,DUO858153,20260305,1007765.49,1007765.49,0,0,0,0,0,0,0,1008112.98,1008112.98,0
DUO858153/20260306,DUO858153,20260306,1007765.49,1007765.49,0,0,0,0,0,0,0,1008200.01,1008200.01,0
DUO858153/20260309,DUO858153,20260309,1007765.49,1007765.49,0,0,0,0,0,0,0,1008461.1,1008461.1,0
DUO858153/20260310,DUO858153,20260310,1007765.49,1007765.49,0,0,0,0,0,0,0,1008548.13,1008548.13,0
DUO858325/20260302,DUO858325,20260302,32071.21471,32071.21471,0,-21138.84,0,-21138.84,0,0,0,11287.85471,32427.94471,-21140.09
DUO858325/20260303,DUO858325,20260303,32071.21471,32071.21471,0,-20945.64,0,-20945.64,0,0,0,11481.05471,32427.94471,-20946.89
DUO858325/20260304,DUO858325,20260304,32426.69471,32426.69471,0,-20938.05,0,-20938.05,0,0,0,11488.64471,32426.69471,-20938.05
DUO858325/20260305,DUO858325,20260305,11822.98471,11822.98471,0,0,0,0,0,0,0,11822.98471,11822.98471,0
DUO858325/20260306,DUO858325,20260306,11822.98471,11822.98471,0,0,0,0,0,0,0,11822.98471,11822.98471,0
DUO858325/20260309,DUO858325,20260309,11822.98471,11822.98471,0,0,0,0,0,0,0,11822.98471,11822.98471,0
DUO858325/20260310,DUO858325,20260310,11822.98471,11822.98471,0,0,0,0,0,0,0,11822.98471,11822.98471,0
DUO859247/20260302,DUO859247,20260302,1163749.002,1163749.002,0,-36409.88,0,-36409.88,0,0,0,1130151.492,1166568.792,-36417.3
DUO859247/20260303,DUO859247,20260303,1163749.002,1163749.002,0,-36210.89,0,-36210.89,0,0,0,1130447.922,1166666.232,-36218.31
DUO859247/20260304,DUO859247,20260304,1166463.982,1166463.982,0,-37236.55,0,-37236.55,0,0,0,1129519.672,1166756.222,-37236.55
DUO859247/20260305,DUO859247,20260305,1166463.982,1166463.982,0,-37459.53,0,-37459.53,0,0,0,1129394.362,1166853.892,-37459.53
DUO859247/20260306,DUO859247,20260306,1166463.982,1166463.982,0,-36410.79,0,-36410.79,0,0,0,1130540.672,1166951.462,-36410.79
DUO859247/20260309,DUO859247,20260309,1166463.982,1166463.982,0,-36894.01,0,-36894.01,0,0,0,1130350.102,1167244.112,-36894.01
DUO859247/20260310,DUO859247,20260310,1166463.982,1166463.982,0,-37171.92,0,-37171.92,0,0,0,1130169.842,1167341.762,-37171.92
DUO858779/20260302,DUO858779,20260302,220154.0978,220154.0978,0,749992.48,749992.48,0,0,0,0,970594.8078,970617.7278,-22.92
DUO858779/20260303,DUO858779,20260303,220154.0978,220154.0978,0,743453.67,743453.67,0,0,0,0,964055.9978,964078.9178,-22.92
DUO858779/20260304,DUO858779,20260304,220602.3278,220602.3278,0,748355.14,748355.14,0,0,0,0,969012.3578,969012.3578,0
DUO858779/20260305,DUO858779,20260305,220602.3278,220602.3278,0,744900.88,744900.88,0,0,0,0,965558.0978,965558.0978,0
DUO858779/20260306,DUO858779,20260306,220602.3278,220602.3278,0,733791,733791,0,0,0,0,954448.2178,954448.2178,0
DUO858779/20260309,DUO858779,20260309,220602.3278,220602.3278,0,740470.07,740470.07,0,0,0,0,961219.1378,961219.1378,0
DUO858779/20260310,DUO858779,20260310,220602.3278,220602.3278,0,738873.66,738873.66,0,0,0,0,959622.7278,959622.7278,0
DUO858355/20260302,DUO858355,20260302,1005335.25,1005335.25,0,0,0,0,0,0,0,1007852.31,1007852.31,0
DUO858355/20260303,DUO858355,20260303,1005335.25,1005335.25,0,0,0,0,0,0,0,1007939.13,1007939.13,0
DUO858355/20260304,DUO858355,20260304,1007765.49,1007765.49,0,0,0,0,0,0,0,1008025.95,1008025.95,0
DUO858355/20260305,DUO858355,20260305,1007765.49,1007765.49,0,0,0,0,0,0,0,1008112.98,1008112.98,0
DUO858355/20260306,DUO858355,20260306,1007765.49,1007765.49,0,0,0,0,0,0,0,1008200.01,1008200.01,0
DUO858355/20260309,DUO858355,20260309,1007765.49,1007765.49,0,0,0,0,0,0,0,1008461.1,1008461.1,0
DUO858355/20260310,DUO858355,20260310,1007765.49,1007765.49,0,0,0,0,0,0,0,1008548.13,1008548.13,0
DUO859347/20260302,DUO859347,20260302,1018000,1018000,0,0,0,0,0,0,0,830147.52,1018000,0
DUO859347/20260303,DUO859347,20260303,1018000,1018000,0,0,0,0,0,0,0,830147.52,1018000,0
DUO859347/20260304,DUO859347,20260304,1018000,1018000,0,0,0,0,0,0,0,830147.52,1018000,0
DUO859347/20260305,DUO859347,20260305,1018000,1018000,0,0,0,0,0,0,0,830147.52,1018000,0
DUO859347/20260306,DUO859347,20260306,1018000,1018000,0,0,0,0,0,0,0,830147.52,1018000,0
DUO859347/20260309,DUO859347,20260309,1018000,1018000,0,0,0,0,0,0,0,830147.52,1018000,0
DUO859347/20260310,DUO859347,20260310,1018000,1018000,0,0,0,0,0,0,0,830147.52,1018000,0
DUO858573/20260302,DUO858573,20260302,1005335.25,1005335.25,0,0,0,0,0,0,0,1007852.31,1007852.31,0
DUO858573/20260303,DUO858573,20260303,1005335.25,1005335.25,0,0,0,0,0,0,0,1007939.13,1007939.13,0
DUO858573/20260304,DUO858573,20260304,1007765.49,1007765.49,0,0,0,0,0,0,0,1008025.95,1008025.95,0
DUO858573/20260305,DUO858573,20260305,1007765.49,1007765.49,0,0,0,0,0,0,0,1008112.98,1008112.98,0
DUO858573/20260306,DUO858573,20260306,1007765.49,1007765.49,0,0,0,0,0,0,0,1008200.01,1008200.01,0
DUO858573/20260309,DUO858573,20260309,1007765.49,1007765.49,0,0,0,0,0,0,0,1008461.1,1008461.1,0
DUO858573/20260310,DUO858573,20260310,1007765.49,1007765.49,0,0,0,0,0,0,0,1008548.13,1008548.13,0
DUO858786/20260302,DUO858786,20260302,1160330.074,1160330.074,0,0,0,0,0,0,0,1162398.934,1162398.934,0
DUO858786/20260303,DUO858786,20260303,1160330.074,1160330.074,0,0,0,0,0,0,0,1162499.264,1162499.264,0
DUO858786/20260304,DUO858786,20260304,1162298.604,1162298.604,0,0,0,0,0,0,0,1162599.594,1162599.594,0
DUO858786/20260305,DUO858786,20260305,1162298.604,1162298.604,0,0,0,0,0,0,0,1162700.104,1162700.104,0
DUO858786/20260306,DUO858786,20260306,1162298.604,1162298.604,0,0,0,0,0,0,0,1162800.614,1162800.614,0
DUO858786/20260309,DUO858786,20260309,1162298.604,1162298.604,0,0,0,0,0,0,0,1163102.144,1163102.144,0
DUO858786/20260310,DUO858786,20260310,1162298.604,1162298.604,0,0,0,0,0,0,0,1163202.654,1163202.654,0
DUO858245/20260302,DUO858245,20260302,386625.7072,386625.7072,0,621124,686380,-65256,0,0,0,1009494.557,1074772.687,-65278.13
DUO858245/20260303,DUO858245,20260303,386625.7072,386625.7072,0,620586,680330,-59744,0,0,0,1009010.397,1068776.527,-59766.13
DUO858245/20260304,DUO858245,20260304,388370.5572,388370.5572,0,624858,685130,-60272,0,0,0,1013282.397,1073554.397,-60272
DUO858245/20260305,DUO858245,20260305,388370.5572,388370.5572,0,621894,681310,-59416,0,0,0,1010373.017,1069789.017,-59416
DUO858245/20260306,DUO858245,20260306,388370.5572,388370.5572,0,611628,672380,-60752,0,0,0,1000107.017,1060859.017,-60752
DUO858245/20260309,DUO858245,20260309,388370.5572,388370.5572,0,615662,678270,-62608,0,0,0,1004251.747,1066859.747,-62608
DUO858245/20260310,DUO858245,20260310,388370.5572,388370.5572,0,613108,677180,-64072,0,0,0,1001697.747,1065769.747,-64072
DUO858332/20260302,DUO858332,20260302,1122239.832,1122239.832,0,0,0,0,0,0,0,1124549.402,1124549.402,0
DUO858332/20260303,DUO858332,20260303,1122239.832,1122239.832,0,0,0,0,0,0,0,1124646.412,1124646.412,0
DUO858332/20260304,DUO858332,20260304,1361324.386,1361324.386,0,0,0,0,0,0,0,1361615.416,1361615.416,0
DUO858332/20260305,DUO858332,20260305,1361324.386,1361324.386,0,0,0,0,0,0,0,1361712.606,1361712.606,0
DUO858332/20260306,DUO858332,20260306,1361324.386,1361324.386,0,0,0,0,0,0,0,1361830.476,1361830.476,0
DUO858332/20260309,DUO858332,20260309,1361324.386,1361324.386,0,0,0,0,0,0,0,1362184.086,1362184.086,0
DUO858332/20260310,DUO858332,20260310,1361324.386,1361324.386,0,0,0,0,0,0,0,1362301.956,1362301.956,0
DUO858216/20260302,DUO858216,20260302,553648.052,553648.052,0,400296.6,400296.6,0,12000,16100,-4100,967547.722,971647.722,-4100
DUO858216/20260303,DUO858216,20260303,553648.052,553648.052,0,397167.47,397167.47,0,7100,9000,-1900,959613.432,961513.432,-1900
DUO858216/20260304,DUO858216,20260304,555251.122,555251.122,0,395934.33,395934.33,0,8700,10500,-1800,959980.292,961780.292,-1800
DUO858216/20260305,DUO858216,20260305,555251.122,555251.122,0,389184.9,389184.9,0,6500,7400,-900,951125.842,952025.842,-900
DUO858216/20260306,DUO858216,20260306,555251.122,555251.122,0,386041.34,386041.34,0,2700,3200,-500,944182.282,944682.282,-500
DUO858216/20260309,DUO858216,20260309,555251.122,555251.122,0,393076.84,393076.84,0,1258,1300,-42,949966.022,950008.022,-42
DUO858216/20260310,DUO858216,20260310,555251.122,555251.122,0,387297.19,387297.19,0,1082,1200,-118,944010.372,944128.372,-118
DUO858311/20260302,DUO858311,20260302,1005335.25,1005335.25,0,0,0,0,0,0,0,1007852.31,1007852.31,0
DUO858311/20260303,DUO858311,20260303,1005335.25,1005335.25,0,0,0,0,0,0,0,1007939.13,1007939.13,0
DUO858311/20260304,DUO858311,20260304,1007765.49,1007765.49,0,0,0,0,0,0,0,1008025.95,1008025.95,0
DUO858311/20260305,DUO858311,20260305,1007765.49,1007765.49,0,0,0,0,0,0,0,1008112.98,1008112.98,0
DUO858311/20260306,DUO858311,20260306,1007765.49,1007765.49,0,0,0,0,0,0,0,1008200.01,1008200.01,0
DUO858311/20260309,DUO858311,20260309,1007765.49,1007765.49,0,0,0,0,0,0,0,1008461.1,1008461.1,0
DUO858311/20260310,DUO858311,20260310,1007765.49,1007765.49,0,0,0,0,0,0,0,1008548.13,1008548.13,0
DUO858345/20260302,DUO858345,20260302,252159.4589,252159.4589,0,728881.6,728881.6,0,0,0,0,981819.9389,981819.9389,0
DUO858345/20260303,DUO858345,20260303,252159.4589,252159.4589,0,721426.2,721426.2,0,0,0,0,974364.5389,974364.5389,0
DUO858345/20260304,DUO858345,20260304,277567.2999,277567.2999,0,706702,706702,0,0,0,0,984334.3299,984334.3299,0
DUO858345/20260305,DUO858345,20260305,277567.2999,277567.2999,0,709579.8,709579.8,0,0,0,0,987212.1299,987212.1299,0
DUO858345/20260306,DUO858345,20260306,277567.2999,277567.2999,0,696729.4,696729.4,0,0,0,0,974361.7299,974361.7299,0
DUO858345/20260309,DUO858345,20260309,381485.0478,381485.0478,0,604404.2,604404.2,0,0,0,0,986068.8278,986068.8278,0
DUO858345/20260310,DUO858345,20260310,381485.0478,381485.0478,0,607373.8,607373.8,0,0,0,0,989038.4278,989038.4278,0
DUO858204/20260302,DUO858204,20260302,203873.1124,203873.1124,0,0,0,0,43524.92,92003,-48478.08,247130.5324,296723.7724,-49593.24
DUO858204/20260303,DUO858204,20260303,203873.1124,203873.1124,0,0,0,0,20920.12,57616,-36695.88,224525.7324,262336.7724,-37811.04
DUO858204/20260304,DUO858204,20260304,203605.6124,203605.6124,0,0,0,0,28943.5,67044,-38100.5,232599.8424,270700.3424,-38100.5
DUO858204/20260305,DUO858204,20260305,203605.6124,203605.6124,0,0,0,0,19105.3,50100,-30994.7,222761.6424,253756.3424,-30994.7
DUO858204/20260306,DUO858204,20260306,203605.6124,203605.6124,0,0,0,0,-1858,25473,-27331,201798.3424,229129.3424,-27331
DUO858204/20260309,DUO858204,20260309,203605.6124,203605.6124,0,0,0,0,-6999.42,18385,-25384.42,196741.3724,222125.7924,-25384.42
DUO858204/20260310,DUO858204,20260310,203605.6124,203605.6124,0,0,0,0,-8125.62,15498,-23623.62,195615.1724,219238.7924,-23623.62
DUO858183/20260311,DUO858183,20260311,1383973.497,1383973.497,0,0,0,0,0,0,0,1384974.217,1384974.217,0
DUO858183/20260312,DUO858183,20260312,1383973.497,1383973.497,0,0,0,0,0,0,0,1385094.057,1385094.057,0
DUO858183/20260313,DUO858183,20260313,1383973.497,1383973.497,0,0,0,0,0,0,0,1385213.897,1385213.897,0
DUO858293/20260311,DUO858293,20260311,1007765.49,1007765.49,0,0,0,0,0,0,0,1008635.16,1008635.16,0
DUO858293/20260312,DUO858293,20260312,1007765.49,1007765.49,0,0,0,0,0,0,0,1008722.19,1008722.19,0
DUO858293/20260313,DUO858293,20260313,1007765.49,1007765.49,0,0,0,0,0,0,0,1008809.22,1008809.22,0
DUO858241/20260311,DUO858241,20260311,1007765.49,1007765.49,0,0,0,0,0,0,0,1008635.16,1008635.16,0
DUO858241/20260312,DUO858241,20260312,1007765.49,1007765.49,0,0,0,0,0,0,0,1008722.19,1008722.19,0
DUO858241/20260313,DUO858241,20260313,1007765.49,1007765.49,0,0,0,0,0,0,0,1008809.22,1008809.22,0
DUO858732/20260311,DUO858732,20260311,210223.1992,210223.1992,0,781893.93,781893.93,0,12473.2,12473.2,0,1004743.689,1004743.689,0
DUO858732/20260312,DUO858732,20260312,210223.1992,210223.1992,0,773366.09,773366.09,0,12224.5,12224.5,0,996021.2792,996021.2792,0
DUO858732/20260313,DUO858732,20260313,210223.1992,210223.1992,0,763869.27,763869.27,0,9890.5,9890.5,0,984190.4592,984190.4592,0
DUO860245/20260311,DUO860245,20260311,1123900.622,1123900.622,0,0,0,0,0,0,0,1124616.032,1124616.032,0
DUO860245/20260312,DUO860245,20260312,1017106.452,1017106.452,0,93510,107290,-13780,0,0,0,1111426.062,1125206.062,-13780
DUO860245/20260313,DUO860245,20260313,1201888.372,1201888.372,0,0,0,0,0,0,0,1202795.132,1202795.132,0
DUO858565/20260311,DUO858565,20260311,8433.475075,8433.475075,0,1011083.52,1011083.52,0,0,0,0,1019516.995,1019516.995,0
DUO858565/20260312,DUO858565,20260312,8439.185075,8439.185075,0,994985.72,994985.72,0,0,0,0,1003424.905,1003424.905,0
DUO858565/20260313,DUO858565,20260313,8439.185075,8439.185075,0,993244.42,993244.42,0,0,0,0,1001683.605,1001683.605,0
DUO860184/20260311,DUO860184,20260311,1049495.555,1049495.555,0,304006,304006,0,0,0,0,1354547.995,1354547.995,0
DUO860184/20260312,DUO860184,20260312,1345777.521,1345777.521,0,0,0,0,0,0,0,1346914.631,1346914.631,0
DUO860184/20260313,DUO860184,20260313,1345777.521,1345777.521,0,0,0,0,0,0,0,1347005.301,1347005.301,0
DUO858580/20260311,DUO858580,20260311,4736.1292,4736.1292,0,991344.2,991344.2,0,0,0,0,996080.3292,996080.3292,0
DUO858580/20260312,DUO858580,20260312,4739.1292,4739.1292,0,974548.9,974548.9,0,0,0,0,979288.0292,979288.0292,0
DUO858580/20260313,DUO858580,20260313,4739.1292,4739.1292,0,966664.2,966664.2,0,0,0,0,971403.3292,971403.3292,0
DUO858257/20260311,DUO858257,20260311,810355.12,810355.12,0,185386.8,185386.8,0,0,0,0,996439.43,996439.43,0
DUO858257/20260312,DUO858257,20260312,810355.12,810355.12,0,185002,185002,0,0,0,0,996124.44,996124.44,0
DUO858257/20260313,DUO858257,20260313,810355.12,810355.12,0,183131.4,183131.4,0,0,0,0,994323.65,994323.65,0
DUO858280/20260311,DUO858280,20260311,702245.1075,777476.3524,-75231.24489,0,0,0,52825,64875,-12050,755253.3775,842534.6224,-87281.24489
DUO858280/20260312,DUO858280,20260312,910839.7614,986371.9568,-75532.19539,0,0,0,0,0,0,911078.9614,986611.1568,-75532.19539
DUO858280/20260313,DUO858280,20260313,1540312.38,1615665.238,-75352.85861,0,0,0,0,0,0,1540618.5,1615971.358,-75352.85861
DUO858271/20260311,DUO858271,20260311,84249.61686,84249.61686,0,0,0,0,59888.2,59888.2,0,144224.1069,144224.1069,0
DUO858271/20260312,DUO858271,20260312,151519.4377,151519.4377,0,0,0,0,16526.55,16526.55,0,168132.2777,168132.2777,0
DUO858271/20260313,DUO858271,20260313,310301.5458,310301.5458,0,0,0,0,0,0,0,310387.8358,310387.8358,0
DUO880904/20260311,DUO880904,20260311,1007671.72,1007671.72,0,0,0,0,0,0,0,1008541.29,1008541.29,0
DUO880904/20260312,DUO880904,20260312,1007671.72,1007671.72,0,0,0,0,0,0,0,1008628.31,1008628.31,0
DUO880904/20260313,DUO880904,20260313,1007671.72,1007671.72,0,0,0,0,0,0,0,1008715.33,1008715.33,0
DUO860400/20260311,DUO860400,20260311,1408246.04,1408246.04,0,43160,43160,0,0,0,0,1452506.52,1452506.52,0
DUO860400/20260312,DUO860400,20260312,1408246.04,1408246.04,0,40520,40520,0,0,0,0,1449986.76,1449986.76,0
DUO860400/20260313,DUO860400,20260313,1446400.845,1446400.845,0,0,0,0,0,0,0,1447743.525,1447743.525,0
DUO858195/20260311,DUO858195,20260311,1323010.977,1323010.977,0,0,0,0,0,0,0,1323945.737,1323945.737,0
DUO858195/20260312,DUO858195,20260312,1323010.977,1323010.977,0,0,0,0,0,0,0,1324060.257,1324060.257,0
DUO858195/20260313,DUO858195,20260313,1323010.977,1323010.977,0,0,0,0,0,0,0,1324174.777,1324174.777,0
DUO858694/20260311,DUO858694,20260311,831834.5649,831834.5649,0,176189.04,176189.04,0,0,0,0,1008739.895,1008739.895,0
DUO858694/20260312,DUO858694,20260312,875119.2732,875119.2732,0,0,0,0,126067.56,126067.56,0,1001974.803,1001974.803,0
DUO858694/20260313,DUO858694,20260313,45084.31041,45084.31041,0,0,0,0,778450.75,778450.75,0,824394.7004,824394.7004,0
DUO858167/20260311,DUO858167,20260311,709217.0787,709217.0787,0,0,0,0,0,0,0,709739.0087,709739.0087,0
DUO858167/20260312,DUO858167,20260312,709217.0787,709217.0787,0,0,0,0,0,0,0,709799.9987,709799.9987,0
DUO858167/20260313,DUO858167,20260313,709217.0787,709217.0787,0,0,0,0,0,0,0,709860.9887,709860.9887,0
DUO858213/20260311,DUO858213,20260311,1451.16709,1451.16709,0,0,0,0,0,0,0,1451.16709,1451.16709,0
DUO858213/20260312,DUO858213,20260312,1451.16709,1451.16709,0,0,0,0,0,0,0,1451.16709,1451.16709,0
DUO858213/20260313,DUO858213,20260313,1451.16709,1451.16709,0,0,0,0,0,0,0,1451.16709,1451.16709,0
DUO859340/20260311,DUO859340,20260311,1007765.49,1007765.49,0,0,0,0,0,0,0,1008635.16,1008635.16,0
DUO859340/20260312,DUO859340,20260312,1007765.49,1007765.49,0,0,0,0,0,0,0,1008722.19,1008722.19,0
DUO859340/20260313,DUO859340,20260313,1007765.49,1007765.49,0,0,0,0,0,0,0,1008809.22,1008809.22,0
DUO858252/20260311,DUO858252,20260311,6550.4148,6550.4148,0,903876.47,903876.47,0,0,0,0,910426.8848,910426.8848,0
DUO858252/20260312,DUO858252,20260312,6550.4148,6550.4148,0,889204.67,889204.67,0,0,0,0,895755.0848,895755.0848,0
DUO858252/20260313,DUO858252,20260313,6550.4148,6550.4148,0,891498.26,891498.26,0,0,0,0,898048.6748,898048.6748,0
DUO858308/20260311,DUO858308,20260311,1003748.646,1003748.646,0,0,0,0,0,0,0,1004614.816,1004614.816,0
DUO858308/20260312,DUO858308,20260312,1003748.646,1003748.646,0,0,0,0,0,0,0,1004701.496,1004701.496,0
DUO858308/20260313,DUO858308,20260313,1003748.646,1003748.646,0,0,0,0,0,0,0,1004788.176,1004788.176,0
DUO858706/20260311,DUO858706,20260311,902942.748,902942.748,0,0,0,0,39200.94,39200.94,0,942929.408,942929.408,0
DUO858706/20260312,DUO858706,20260312,902334.7531,902334.7531,0,0,0,0,24835.25,30885.25,-6050,928033.6031,934083.6031,-6050
DUO858706/20260313,DUO858706,20260313,922144.3816,922144.3816,0,0,0,0,0,0,0,923085.8616,923085.8616,0
DUO858320/20260311,DUO858320,20260311,-2735801.076,0,-2735801.076,3925233,3925233,0,137348,137348,0,1327904.824,4063705.9,-2735801.076
DUO858320/20260312,DUO858320,20260312,1215701.151,1215701.151,0,0,0,0,46645,46645,0,1263571.831,1263571.831,0
DUO858320/20260313,DUO858320,20260313,144362.3987,144362.3987,0,0,0,0,1232555,1232555,0,1377801.119,1378143.079,-341.96
DUO858796/20260311,DUO858796,20260311,-1087601.829,0,-1087601.829,2074591.95,2284431.95,-209840,0,0,0,985364.8284,2284501.188,-1299136.359
DUO858796/20260312,DUO858796,20260312,-1087551.979,0,-1087551.979,2039947.09,2244157.09,-204210,0,0,0,950602.5184,2244226.328,-1293623.809
DUO858796/20260313,DUO858796,20260313,-1087503.059,0,-1087503.059,2009705.19,2217635.19,-207930,0,0,0,920242.3684,2217704.428,-1297462.059
DUO858010/20260311,DUO858010,20260311,1007765.49,1007765.49,0,0,0,0,0,0,0,1008635.16,1008635.16,0
DUO858010/20260312,DUO858010,20260312,1007765.49,1007765.49,0,0,0,0,0,0,0,1008722.19,1008722.19,0
DUO858010/20260313,DUO858010,20260313,1007765.49,1007765.49,0,0,0,0,0,0,0,1008809.22,1008809.22,0
DUO858142/20260311,DUO858142,20260311,1007765.49,1007765.49,0,0,0,0,0,0,0,1008635.16,1008635.16,0
DUO858142/20260312,DUO858142,20260312,1007765.49,1007765.49,0,0,0,0,0,0,0,1008722.19,1008722.19,0
DUO858142/20260313,DUO858142,20260313,1007765.49,1007765.49,0,0,0,0,0,0,0,1008809.22,1008809.22,0
DUO858287/20260311,DUO858287,20260311,105131.6817,105131.6817,0,0,0,0,126427.14,126427.14,0,231804.4217,231804.4217,0
DUO858287/20260312,DUO858287,20260312,57350.0186,57350.0186,0,0,0,0,183141.4,187741.4,-4600,240791.9186,245391.9186,-4600
DUO858287/20260313,DUO858287,20260313,201683.6911,201683.6911,0,0,0,0,6882.88,6882.88,0,208867.0711,208867.0711,0
DUO858223/20260311,DUO858223,20260311,-729215.3457,36615.14,-765830.4857,1615776.6,1615776.6,0,0,0,0,885608.2243,1652391.74,-766783.5157
DUO858223/20260312,DUO858223,20260312,-729209.3457,36615.14,-765824.4857,1577402.5,1577402.5,0,0,0,0,847144.7443,1614017.64,-766872.8957
DUO858223/20260313,DUO858223,20260313,-729209.3457,36615.14,-765824.4857,1577947.2,1577947.2,0,0,0,0,847594.0643,1614562.34,-766968.2757
DUO858340/20260311,DUO858340,20260311,1007765.49,1007765.49,0,0,0,0,0,0,0,1008635.16,1008635.16,0
DUO858340/20260312,DUO858340,20260312,1007765.49,1007765.49,0,0,0,0,0,0,0,1008722.19,1008722.19,0
DUO858340/20260313,DUO858340,20260313,1007765.49,1007765.49,0,0,0,0,0,0,0,1008809.22,1008809.22,0
DUO858153/20260311,DUO858153,20260311,1007765.49,1007765.49,0,0,0,0,0,0,0,1008635.16,1008635.16,0
DUO858153/20260312,DUO858153,20260312,1007765.49,1007765.49,0,0,0,0,0,0,0,1008722.19,1008722.19,0
DUO858153/20260313,DUO858153,20260313,1007765.49,1007765.49,0,0,0,0,0,0,0,1008809.22,1008809.22,0
DUO858325/20260311,DUO858325,20260311,11822.98471,11822.98471,0,0,0,0,0,0,0,11822.98471,11822.98471,0
DUO858325/20260312,DUO858325,20260312,11822.98471,11822.98471,0,0,0,0,0,0,0,11822.98471,11822.98471,0
DUO858325/20260313,DUO858325,20260313,11822.98471,11822.98471,0,0,0,0,0,0,0,11822.98471,11822.98471,0
DUO859247/20260311,DUO859247,20260311,1166463.982,1166463.982,0,-37137.1,0,-37137.1,0,0,0,1130302.272,1167439.372,-37137.1
DUO859247/20260312,DUO859247,20260312,1166463.042,1166463.042,0,-36577.01,0,-36577.01,0,0,0,1130959.002,1167536.012,-36577.01
DUO859247/20260313,DUO859247,20260313,1166463.042,1166463.042,0,-36132.57,0,-36132.57,0,0,0,1131501.032,1167633.602,-36132.57
DUO858779/20260311,DUO858779,20260311,220602.3278,220602.3278,0,747096.87,747096.87,0,0,0,0,967845.9378,967845.9378,0
DUO858779/20260312,DUO858779,20260312,220610.2378,220610.2378,0,737235.02,737235.02,0,0,0,0,958047.1078,958047.1078,0
DUO858779/20260313,DUO858779,20260313,220610.2378,220610.2378,0,732026.19,732026.19,0,0,0,0,952838.2778,952838.2778,0
DUO858355/20260311,DUO858355,20260311,1007765.49,1007765.49,0,0,0,0,0,0,0,1008635.16,1008635.16,0
DUO858355/20260312,DUO858355,20260312,1007765.49,1007765.49,0,0,0,0,0,0,0,1008722.19,1008722.19,0
DUO858355/20260313,DUO858355,20260313,1007765.49,1007765.49,0,0,0,0,0,0,0,1008809.22,1008809.22,0
DUO859347/20260311,DUO859347,20260311,1018000,1018000,0,0,0,0,0,0,0,830147.52,1018000,0
DUO859347/20260312,DUO859347,20260312,1018000,1018000,0,0,0,0,0,0,0,830147.52,1018000,0
DUO859347/20260313,DUO859347,20260313,1018000,1018000,0,0,0,0,0,0,0,830147.52,1018000,0
DUO858573/20260311,DUO858573,20260311,1007765.49,1007765.49,0,0,0,0,0,0,0,1008635.16,1008635.16,0
DUO858573/20260312,DUO858573,20260312,1007765.49,1007765.49,0,0,0,0,0,0,0,1008722.19,1008722.19,0
DUO858573/20260313,DUO858573,20260313,1007765.49,1007765.49,0,0,0,0,0,0,0,1008809.22,1008809.22,0
DUO858786/20260311,DUO858786,20260311,1162298.604,1162298.604,0,0,0,0,0,0,0,1163303.164,1163303.164,0
DUO858786/20260312,DUO858786,20260312,1162298.604,1162298.604,0,0,0,0,0,0,0,1163403.674,1163403.674,0
DUO858786/20260313,DUO858786,20260313,1162298.604,1162298.604,0,0,0,0,0,0,0,1163504.184,1163504.184,0
DUO858245/20260311,DUO858245,20260311,388370.5572,388370.5572,0,614002,676330,-62328,0,0,0,1002646.727,1064974.727,-62328
DUO858245/20260312,DUO858245,20260312,388370.5572,388370.5572,0,604876,666060,-61184,0,0,0,993520.7272,1054704.727,-61184
DUO858245/20260313,DUO858245,20260313,388370.5572,388370.5572,0,604138,662290,-58152,0,0,0,992837.4272,1050989.427,-58152
DUO858332/20260311,DUO858332,20260311,1361324.386,1361324.386,0,0,0,0,0,0,0,1362419.826,1362419.826,0
DUO858332/20260312,DUO858332,20260312,1361324.386,1361324.386,0,0,0,0,0,0,0,1362537.696,1362537.696,0
DUO858332/20260313,DUO858332,20260313,1361324.386,1361324.386,0,0,0,0,0,0,0,1362655.566,1362655.566,0
DUO858216/20260311,DUO858216,20260311,555251.122,555251.122,0,389994.69,389994.69,0,494,500,-6,946214.992,946220.992,-6
DUO858216/20260312,DUO858216,20260312,616821.2864,616821.2864,0,327195,327195,0,292,300,-8,944783.4664,944791.4664,-8
DUO858216/20260313,DUO858216,20260313,616821.2864,616821.2864,0,324231,324231,0,0,0,0,941622.5864,941622.5864,0
DUO858311/20260311,DUO858311,20260311,1007765.49,1007765.49,0,0,0,0,0,0,0,1008635.16,1008635.16,0
DUO858311/20260312,DUO858311,20260312,1007765.49,1007765.49,0,0,0,0,0,0,0,1008722.19,1008722.19,0
DUO858311/20260313,DUO858311,20260313,1007765.49,1007765.49,0,0,0,0,0,0,0,1008809.22,1008809.22,0
DUO858345/20260311,DUO858345,20260311,381485.0478,381485.0478,0,610080.4,610080.4,0,0,0,0,991800.7678,991800.7678,0
DUO858345/20260312,DUO858345,20260312,381494.0478,381494.0478,0,598021.8,598021.8,0,0,0,0,979751.1678,979751.1678,0
DUO858345/20260313,DUO858345,20260313,386176.4503,386176.4503,0,584555.6,584555.6,0,0,0,0,971032.1703,971032.1703,0
DUO858204/20260311,DUO858204,20260311,203605.6124,203605.6124,0,0,0,0,-11091.04,7944,-19035.04,192649.7524,211684.7924,-19035.04
DUO858204/20260312,DUO858204,20260312,203605.6124,203605.6124,0,0,0,0,-14751.48,7726,-22477.48,189039.9824,211517.4624,-22477.48
DUO858204/20260313,DUO858204,20260313,203605.6124,203605.6124,0,0,0,0,-18222.86,7901,-26123.86,185568.6024,211692.4624,-26123.86
